classification,file,label,hit_count,lines,decision,owner,phase2_status,reason,sample_source
asset lookup,SkullbonezSource/Assets/AssetSystem.cpp,ActiveAssetSystem(),1,464,accepted asset/shader compatibility debt,Future asset/shader service context,deferred,ActiveAssetSystem and fallback shader creation are shared bridges; removing them requires explicit asset plus render-resource context across callers.,AssetSystem* ActiveAssetSystem()
asset lookup,SkullbonezSource/Assets/AssetSystem.cpp,CreateShaderFromActiveAssets(),1,469,accepted asset/shader compatibility debt,Future asset/shader service context,deferred,ActiveAssetSystem and fallback shader creation are shared bridges; removing them requires explicit asset plus render-resource context across callers.,std::unique_ptr<Rendering::IShader> CreateShaderFromActiveAssets( const char* logicalNameOrBaseName )
asset lookup,SkullbonezSource/Assets/AssetSystem.cpp,Gfx(),2,361;476,accepted asset/shader compatibility debt,Future asset/shader service context,deferred,ActiveAssetSystem and fallback shader creation are shared bridges; removing them requires explicit asset plus render-resource context across callers.,"return CreateShader( Rendering::Gfx(), logicalNameOrBaseName );"
asset lookup,SkullbonezSource/Assets/AssetSystem.cpp,g_*,5,41;461;466;471;473,accepted asset/shader compatibility debt,Future asset/shader service context,deferred,ActiveAssetSystem and fallback shader creation are shared bridges; removing them requires explicit asset plus render-resource context across callers.,AssetSystem* g_activeAssetSystem = nullptr;
asset lookup,SkullbonezSource/Assets/AssetSystem.h,ActiveAssetSystem(),1,197,accepted asset/shader compatibility debt,Future asset/shader service context,deferred,ActiveAssetSystem and fallback shader creation are shared bridges; removing them requires explicit asset plus render-resource context across callers.,AssetSystem* ActiveAssetSystem();
asset lookup,SkullbonezSource/Assets/AssetSystem.h,CreateShaderFromActiveAssets(),1,198,accepted asset/shader compatibility debt,Future asset/shader service context,deferred,ActiveAssetSystem and fallback shader creation are shared bridges; removing them requires explicit asset plus render-resource context across callers.,std::unique_ptr<Rendering::IShader> CreateShaderFromActiveAssets( const char* logicalNameOrBaseName );
asset lookup,SkullbonezSource/Assets/TextureCollection.cpp,TextureCollection::Instance(),1,38,accepted asset texture compatibility debt,Future texture service context,deferred,"TextureCollection already has bound render contexts, but the singleton access remains the active texture-service bridge.",TextureCollection* TextureCollection::Instance()
diagnostics,SkullbonezSource/Core/LockOrderValidator.cpp,LockOrderValidator::Instance(),5,112;201;207;218;225,diagnostics exception,Core diagnostics/profiler owner,accepted compatibility debt,"Rows are in profiler, platform profiler, or lock-order diagnostic infrastructure rather than ordinary runtime feature flow.",LockOrderValidator& LockOrderValidator::Instance()
diagnostics,SkullbonezSource/Core/LockOrderValidator.cpp,g_*,12,45;46;51;52;52;89;136;154;166;166;170;199,diagnostics exception,Core diagnostics/profiler owner,accepted compatibility debt,"Rows are in profiler, platform profiler, or lock-order diagnostic infrastructure rather than ordinary runtime feature flow.",std::atomic<uint32_t> g_nextLockId{ 1 };
diagnostics,SkullbonezSource/Core/PlatformProfiler.cpp,g_*,12,42;43;44;239;240;242;248;253;258;329;339;348,diagnostics exception,Core diagnostics/profiler owner,accepted compatibility debt,"Rows are in profiler, platform profiler, or lock-order diagnostic infrastructure rather than ordinary runtime feature flow.",std::atomic<bool> g_enabled{ false };
diagnostics,SkullbonezSource/Core/Profiler.cpp,Gfx(),9,444;468;480;486;494;500;509;519;574,diagnostics exception,Core diagnostics/profiler owner,accepted compatibility debt,"Rows are in profiler, platform profiler, or lock-order diagnostic infrastructure rather than ordinary runtime feature flow.","Gfx().PlatformProfilerGpuBegin( fullPath, hash );"
diagnostics,SkullbonezSource/Core/Profiler.cpp,Profiler::Instance(),2,76;342,diagnostics exception,Core diagnostics/profiler owner,accepted compatibility debt,"Rows are in profiler, platform profiler, or lock-order diagnostic infrastructure rather than ordinary runtime feature flow.",Profiler& Profiler::Instance()
diagnostics,SkullbonezSource/Core/Profiler.h,Profiler::Instance(),11,280;284;299;303;341;348;360;367;381;382;383,diagnostics exception,Core diagnostics/profiler owner,accepted compatibility debt,"Rows are in profiler, platform profiler, or lock-order diagnostic infrastructure rather than ordinary runtime feature flow.","Profiler::Instance().Begin( m_fullPath, m_hash );"
normal runtime path,SkullbonezSource/Core/WorkerPool.cpp,WorkerPool::Instance(),2,105;422,accepted service-owner compatibility,Future worker-service lifetime cleanup,accepted compatibility debt,"Rows live inside the worker-pool service owner, not an arbitrary caller; replacing the singleton needs a worker lifetime owner.",WorkerPool& WorkerPool::Instance()
normal runtime path,SkullbonezSource/Core/WorkerPool.cpp,g_*,8,43;44;142;148;382;383;415;416,accepted service-owner compatibility,Future worker-service lifetime cleanup,accepted compatibility debt,"Rows live inside the worker-pool service owner, not an arbitrary caller; replacing the singleton needs a worker lifetime owner.",thread_local bool g_isWorkerThread = false;
normal runtime path,SkullbonezSource/GameObjects/GameModel.cpp,Cfg(),10,85;144;980;1053;1116;1257;1296;1323;1355;1738,owned by Phase 3 physics compatibility,Phase 3 physics compatibility / future physics config-worker context,deferred,Solver/body config and worker access can affect determinism and scheduling; keep it under the physics boundary owner.,m_physicsInfo.SetFrictionCoefficient( Cfg().frictionCoeff );
normal runtime path,SkullbonezSource/Physics/BoundingSphere.cpp,Cfg(),1,247,owned by Phase 3 physics compatibility,Phase 3 physics compatibility / future physics config-worker context,deferred,Solver/body config and worker access can affect determinism and scheduling; keep it under the physics boundary owner.,return Cfg().sphereDragCoeff;
diagnostics,SkullbonezSource/Physics/Debug/BroadphaseVisualizer.cpp,Gfx(),2,363;384,diagnostics exception,Physics debug diagnostics owner,accepted compatibility debt,"Debug visualizers are diagnostics-only render bridges; moving them requires a dedicated debug-render context, not a Phase 2 lifetime change.",if ( !m_enabled || m_cellCount == 0 || !Gfx().GetCapabilities().supportsDebugLines )
diagnostics,SkullbonezSource/Physics/Debug/CollisionVisualizer.cpp,CreateShaderFromActiveAssets(),1,198,diagnostics exception,Physics debug diagnostics owner,accepted compatibility debt,"Debug visualizers are diagnostics-only render bridges; moving them requires a dedicated debug-render context, not a Phase 2 lifetime change.",m_shader = SkullbonezCore::Assets::CreateShaderFromActiveAssets(                               );
diagnostics,SkullbonezSource/Physics/Debug/CollisionVisualizer.cpp,Gfx(),14,105;109;113;147;178;211;369;370;430;491;494;495;534;536,diagnostics exception,Physics debug diagnostics owner,accepted compatibility debt,"Debug visualizers are diagnostics-only render bridges; moving them requires a dedicated debug-render context, not a Phase 2 lifetime change.",Gfx().DestroyInstancedMesh( m_sphereInstMesh );
diagnostics,SkullbonezSource/Physics/Debug/PhysicsDebugVisualizer.cpp,Gfx(),2,584;617,diagnostics exception,Physics debug diagnostics owner,accepted compatibility debt,"Debug visualizers are diagnostics-only render bridges; moving them requires a dedicated debug-render context, not a Phase 2 lifetime change.",if ( m_flags == PHYSICS_DEBUG_NONE || models.GetModelCount() <= 0 || !Gfx().GetCapabilities().supportsDebugLines )
normal runtime path,SkullbonezSource/Physics/PersistentContactSolver.cpp,Cfg(),26,141;150;159;160;169;171;434;435;455;524;543;662;793;795;801;806;807;815;822;829;859;861;888;997;1064;1193,owned by Phase 3 physics compatibility,Phase 3 physics compatibility / future physics config-worker context,deferred,Solver/body config and worker access can affect determinism and scheduling; keep it under the physics boundary owner.,"const float contactSlop = (std::max)( 0.0f, Cfg().persistentContactSlop );"
normal runtime path,SkullbonezSource/Physics/PhysicsWorld.cpp,Cfg(),18,117;800;1007;1007;1651;1652;1655;1683;1683;1785;1947;1969;2407;2407;2524;2524;2580;2580,owned by Phase 3 physics compatibility,Phase 3 physics compatibility / future physics config-worker context,deferred,Solver/body config and worker access can affect determinism and scheduling; keep it under the physics boundary owner.,PhysicsWorld::PhysicsWorld() : m_spatialGrid( Cfg().broadphaseCell )
normal runtime path,SkullbonezSource/Physics/PhysicsWorld.cpp,WorkerPool::Instance(),6,1009;1685;2410;2424;2526;2582,owned by Phase 3 physics compatibility,Phase 3 physics compatibility / future physics config-worker context,deferred,Solver/body config and worker access can affect determinism and scheduling; keep it under the physics boundary owner.,"SkullbonezCore::Threading::WorkerPool::Instance().ParallelFor( 0,"
normal runtime path,SkullbonezSource/Physics/RigidBody.cpp,Cfg(),3,220;220;223,owned by Phase 3 physics compatibility,Phase 3 physics compatibility / future physics config-worker context,deferred,Solver/body config and worker access can affect determinism and scheduling; keep it under the physics boundary owner.,float limitSq = Cfg().velocityLimit * Cfg().velocityLimit;
render pass,SkullbonezSource/Rendering/GameModelRenderer.cpp,Cfg(),3,114;309;485,owned by future renderer worker/config context,Future render-resource context,deferred,Renderer scheduling still reaches config/worker globals; moving it touches render hot-path threading and should be isolated.,const bool alphaBlendedPass = Cfg().runtimeRender.renderCollisionVolumes || clampedMaterialAlpha < 1.0f;
render pass,SkullbonezSource/Rendering/GameModelRenderer.cpp,WorkerPool::Instance(),2,314;490,owned by future renderer worker/config context,Future render-resource context,deferred,Renderer scheduling still reaches config/worker globals; moving it touches render hot-path threading and should be isolated.,SkullbonezCore::Threading::WorkerPool::Instance().ParallelCollectOrdered<ShadowCasterBatches>(
render pass,SkullbonezSource/Rendering/Helper.cpp,Cfg(),2,279;301,owned by future render-resource context,Future render-resource context,deferred,"Helper, text, shadow, and draw-path globals require borrowed IRenderCommandContext/IRenderResourceFactory or shader creation contexts.",const OrdinaryRenderConfig& ordinary = Cfg().ordinaryRender;
render pass,SkullbonezSource/Rendering/Helper.cpp,CreateShaderFromActiveAssets(),2,484;502,owned by future render-resource context,Future render-resource context,deferred,"Helper, text, shadow, and draw-path globals require borrowed IRenderCommandContext/IRenderResourceFactory or shader creation contexts.",sphereShader = SkullbonezCore::Assets::CreateShaderFromActiveAssets(                                 );
render pass,SkullbonezSource/Rendering/Helper.cpp,Gfx(),34,126;127;128;136;138;160;177;178;227;368;447;452;457;462;467;472;537;570;661;664;730;733;766;832;833;877;878;916;945;966;1035;1036;1077;1078,owned by future render-resource context,Future render-resource context,deferred,"Helper, text, shadow, and draw-path globals require borrowed IRenderCommandContext/IRenderResourceFactory or shader creation contexts.",Gfx().SetBlend( true );
render pass,SkullbonezSource/Rendering/IRenderBackend.cpp,Gfx(),2,42;57,accepted backend accessor compatibility,Phase 4 render-backend capability contract,accepted compatibility debt,These rows are the explicit backend accessor declarations/definitions; Phase 4 confirmed the wide facade remains methodless.,IRenderBackend& Gfx()
render pass,SkullbonezSource/Rendering/IRenderBackend.cpp,GfxRayTracing(),1,61,accepted backend accessor compatibility,Phase 4 render-backend capability contract,accepted compatibility debt,These rows are the explicit backend accessor declarations/definitions; Phase 4 confirmed the wide facade remains methodless.,IRenderRayTracing& GfxRayTracing()
render pass,SkullbonezSource/Rendering/IRenderBackend.h,Gfx(),3,78;93;100,accepted backend accessor compatibility,Phase 4 render-backend capability contract,accepted compatibility debt,These rows are the explicit backend accessor declarations/definitions; Phase 4 confirmed the wide facade remains methodless.,IRenderBackend& Gfx();
render pass,SkullbonezSource/Rendering/IRenderBackend.h,GfxRayTracing(),1,79,accepted backend accessor compatibility,Phase 4 render-backend capability contract,accepted compatibility debt,These rows are the explicit backend accessor declarations/definitions; Phase 4 confirmed the wide facade remains methodless.,IRenderRayTracing& GfxRayTracing();
render pass,SkullbonezSource/Rendering/Shadow.h,Gfx(),2,140;147,owned by future render-resource context,Future render-resource context,deferred,"Helper, text, shadow, and draw-path globals require borrowed IRenderCommandContext/IRenderResourceFactory or shader creation contexts.","Gfx().BindTexture( shadow->depthTextureHandle, SHADOW_TEXTURE_SLOT );"
render pass,SkullbonezSource/Rendering/Text.cpp,Cfg(),2,544;544,owned by future render-resource context,Future render-resource context,deferred,"Helper, text, shadow, and draw-path globals require borrowed IRenderCommandContext/IRenderResourceFactory or shader creation contexts.","Text2d::RebuildProjection( Cfg().window.screenX, Cfg().window.screenY );"
render pass,SkullbonezSource/Rendering/Text.cpp,CreateShaderFromActiveAssets(),3,532;537;540,owned by future render-resource context,Future render-resource context,deferred,"Helper, text, shadow, and draw-path globals require borrowed IRenderCommandContext/IRenderResourceFactory or shader creation contexts.",Text2d::pTextShader = SkullbonezCore::Assets::CreateShaderFromActiveAssets(               );
render pass,SkullbonezSource/Rendering/Text.cpp,Gfx(),33,248;519;523;529;592;597;602;607;738;739;741;742;743;747;750;752;753;837;838;840;841;842;848;850;851;962;963;965;966;967;973;975;976,owned by future render-resource context,Future render-resource context,deferred,"Helper, text, shadow, and draw-path globals require borrowed IRenderCommandContext/IRenderResourceFactory or shader creation contexts.","Text2d::fontTexture = Gfx().CreateTexture2D( pixels.get(), FONT_ATLAS_W, FONT_ATLAS_H, 1, false, true );"
normal runtime path,SkullbonezSource/Runtime/Camera.cpp,Cfg(),22,91;131;244;246;248;250;253;254;257;259;261;263;266;267;329;330;331;332;429;431;437;439,owned by future camera settings context,Future runtime settings context,deferred,Camera globals are config reads only after singleton removal; pass a camera/settings context in a later Phase 2 slice.,"if ( Vector::Distance( m_position, m_view ) < Cfg().minViewMag )"
normal runtime path,SkullbonezSource/Runtime/CameraCollection.cpp,Cfg(),1,381,owned by future camera settings context,Future runtime settings context,deferred,Camera globals are config reads only after singleton removal; pass a camera/settings context in a later Phase 2 slice.,m_tweenCamera.m_position.y = terrainHeight + Cfg().minCameraHeight;
render pass,SkullbonezSource/Runtime/Render/RuntimeRenderHost.cpp,Cfg(),4,51;57;91;96,owned by future render settings context,Future render-resource context,deferred,Rows are render-frame configuration reads that should eventually arrive through render inputs/settings instead of Cfg().,"return RunInternal::RuntimeActiveCinematicConfig( m_sceneController.State(), Cfg() );"
normal runtime path,SkullbonezSource/Runtime/Replay/RunReplayCauseTreeTools.inl,Cfg(),2,140;141,owned by Phase 5 replay compatibility,Phase 5 replay owner / future replay services context,deferred,Replay helpers retain config/worker bridges after the replay owner slice; changing them risks replay determinism and prediction scheduling.,"const int screenW = RuntimeWindowScreenWidth( m_systems, Cfg() );"
normal runtime path,SkullbonezSource/Runtime/Replay/RunReplayPredictionHelpers.inl,WorkerPool::Instance(),2,1087;1169,owned by Phase 5 replay compatibility,Phase 5 replay owner / future replay services context,deferred,Replay helpers retain config/worker bridges after the replay owner slice; changing them risks replay determinism and prediction scheduling.,SkullbonezCore::Threading::WorkerPool::Instance().ParallelFor(
normal runtime path,SkullbonezSource/Runtime/Replay/RunReplayScrubberTools.inl,Cfg(),2,246;247,owned by Phase 5 replay compatibility,Phase 5 replay owner / future replay services context,deferred,Replay helpers retain config/worker bridges after the replay owner slice; changing them risks replay determinism and prediction scheduling.,"const int screenW = RuntimeWindowScreenWidth( m_systems, Cfg() );"
normal runtime path,SkullbonezSource/Runtime/Replay/RunReplayVelocityEdit.inl,Cfg(),2,248;249,owned by Phase 5 replay compatibility,Phase 5 replay owner / future replay services context,deferred,Replay helpers retain config/worker bridges after the replay owner slice; changing them risks replay determinism and prediction scheduling.,"!SceneState().isScenePhysics || RuntimeWindowScreenWidth( m_systems, Cfg() ) <= 0 ||"
normal runtime path,SkullbonezSource/Runtime/Run.cpp,Cfg(),8,158;159;160;162;376;1208;1219;1307,accepted composition-root borrow,Run composition root,accepted compatibility debt,Run still performs top-level service/lifecycle wiring; these globals are retained as audited composition-root compatibility debt.,m_runtimeSettings.isVsyncEnabled = Cfg().runtimeRender.vsyncEnabled;
normal runtime path,SkullbonezSource/Runtime/Run.cpp,Gfx(),8,247;327;368;518;519;1189;1298;1309,accepted composition-root borrow,Run composition root,accepted compatibility debt,Run still performs top-level service/lifecycle wiring; these globals are retained as audited composition-root compatibility debt.,Gfx().FlushGPU();
normal runtime path,SkullbonezSource/Runtime/Run.cpp,Profiler::Instance(),1,334,accepted composition-root borrow,Run composition root,accepted compatibility debt,Run still performs top-level service/lifecycle wiring; these globals are retained as audited composition-root compatibility debt.,Profiler::Instance().InvalidateGpuQueries();
normal runtime path,SkullbonezSource/Runtime/RunFrame.cpp,Cfg(),7,1735;1748;2263;2414;2581;2581;2589,owned by future frame diagnostics/settings context,Future runtime settings / DiagnosticsRuntime context,deferred,"Frame lifecycle still has config, renderer, and profiler bridges; replacing them spans diagnostics and frame services.","Cfg(),"
normal runtime path,SkullbonezSource/Runtime/RunFrame.cpp,Gfx(),1,354,owned by future frame diagnostics/settings context,Future runtime settings / DiagnosticsRuntime context,deferred,"Frame lifecycle still has config, renderer, and profiler bridges; replacing them spans diagnostics and frame services.",IRenderBackend& frameRenderBackend = Gfx();
normal runtime path,SkullbonezSource/Runtime/RunFrame.cpp,Profiler::Instance(),3,475;476;495,owned by future frame diagnostics/settings context,Future runtime settings / DiagnosticsRuntime context,deferred,"Frame lifecycle still has config, renderer, and profiler bridges; replacing them spans diagnostics and frame services.",m_timers.physicsTime = Profiler::Instance().LastFrameMsByHash( kPhysicsHash ) * 0.001f;
normal runtime path,SkullbonezSource/Runtime/RunInput.cpp,Cfg(),22,1482;1485;2271;2655;2657;2659;2665;2665;2671;2671;2681;2767;2847;2876;2883;2894;3103;3147;3150;3236;3241;3243,owned by future runtime input/settings context,Future runtime settings context,deferred,Input still reads config and renderer state directly; a narrow settings/window/render service context should replace it later.,m_camera.input.xMove * CAMERA_MOUSE_REFERENCE_DT * Cfg().mouseSensitivity );
normal runtime path,SkullbonezSource/Runtime/RunInput.cpp,Gfx(),4,1979;2078;2408;2773,owned by future runtime input/settings context,Future runtime settings context,deferred,Input still reads config and renderer state directly; a narrow settings/window/render service context should replace it later.,"IsGfxReady() ? Gfx().GetRendererName() :             ,"
normal runtime path,SkullbonezSource/Runtime/RunLiveStyle.cpp,Cfg(),1,266,owned by future runtime settings context,Future runtime settings context,deferred,Live-style config access should be routed through explicit runtime settings when that context exists.,"RuntimeActiveCinematicConfig( SceneState(), Cfg() ),"
render pass,SkullbonezSource/Runtime/RunPasses.cpp,Cfg(),6,278;278;309;309;898;899,owned by future render settings context,Future render-resource context,deferred,Rows are render-frame configuration reads that should eventually arrive through render inputs/settings instead of Cfg().,"shader.SetVec4(               , Cfg().frustumNear, Cfg().frustumFar, 0.0f, 0.0f );"
render pass,SkullbonezSource/Runtime/RunRender.cpp,Cfg(),3,1112;1630;1631,accepted composition-root borrow,Run render composition root,accepted compatibility debt,RunRender wires the runtime render services and raytracing borrow; pass bodies stay on narrower contexts.,const OrdinaryRenderConfig& ordinaryRender = Cfg().ordinaryRender;
render pass,SkullbonezSource/Runtime/RunRender.cpp,Gfx(),1,1467,accepted composition-root borrow,Run render composition root,accepted compatibility debt,RunRender wires the runtime render services and raytracing borrow; pass bodies stay on narrower contexts.,IRenderBackend& renderBackend = Gfx();
render pass,SkullbonezSource/Runtime/RunRender.cpp,GfxRayTracing(),1,1475,accepted composition-root borrow,Run render composition root,accepted compatibility debt,RunRender wires the runtime render services and raytracing borrow; pass bodies stay on narrower contexts.,IsGfxRayTracingReady() ? &GfxRayTracing() : nullptr;
render pass,SkullbonezSource/Runtime/RunUiTextPass.cpp,Cfg(),1,351,owned by future UI text render/diagnostics context,Future render-resource context,deferred,"UI text pass still borrows config, worker, and profiler globals; replacing them spans render text scheduling and diagnostics UI.",UIData.ordinaryRender = Cfg().ordinaryRender;
render pass,SkullbonezSource/Runtime/RunUiTextPass.cpp,Profiler::Instance(),2,532;640,owned by future UI text render/diagnostics context,Future render-resource context,deferred,"UI text pass still borrows config, worker, and profiler globals; replacing them spans render text scheduling and diagnostics UI.","Profiler::Instance().RenderBarOverlay( panX, panY, panW, panH, absolute );"
render pass,SkullbonezSource/Runtime/RunUiTextPass.cpp,WorkerPool::Instance(),1,266,owned by future UI text render/diagnostics context,Future render-resource context,deferred,"UI text pass still borrows config, worker, and profiler globals; replacing them spans render text scheduling and diagnostics UI.",UIData.workerThreadCount = SkullbonezCore::Threading::WorkerPool::Instance().GetThreadCount();
diagnostics,SkullbonezSource/Runtime/RuntimeDiagnostics.cpp,Profiler::Instance(),2,336;339,diagnostics exception,DiagnosticsRuntime / profiler facade,accepted compatibility debt,Runtime diagnostics is the current profiler bridge; replacing Profiler::Instance() here is a future diagnostics-facade cleanup.,Profiler::Instance().WritePerfCSVHeader( perfLog.perfLogFile );
normal runtime path,SkullbonezSource/Runtime/RuntimeTuning.cpp,Cfg(),1,203,owned by future tuning/worker service context,Future runtime settings / worker-service context,deferred,Runtime tuning mutates config/worker behavior; migrating it needs an explicit tuning context and worker-service borrow.,Cfg().workerThreads = clampedWorkerThreads;
normal runtime path,SkullbonezSource/Runtime/RuntimeTuning.cpp,WorkerPool::Instance(),1,201,owned by future tuning/worker service context,Future runtime settings / worker-service context,deferred,Runtime tuning mutates config/worker behavior; migrating it needs an explicit tuning context and worker-service borrow.,SkullbonezCore::Threading::WorkerPool& workerPool = SkullbonezCore::Threading::WorkerPool::Instance();
normal runtime path,SkullbonezSource/Runtime/Scene/RunScene.cpp,Cfg(),18,61;423;581;585;586;663;674;676;693;711;727;772;830;834;840;862;969;1015,owned by future scene runtime services context,Future runtime settings/worker context,deferred,"Scene load config and worker reads need explicit scene runtime services, but changing them is broader than this audit closure.",Cfg().workerThreads = clampedWorkerThreads;
normal runtime path,SkullbonezSource/Runtime/Scene/RunScene.cpp,Gfx(),9,560;675;713;822;831;906;1041;1055;1067,owned by future scene render-resource context,Future render-resource context,deferred,Scene load/render setup borrows backend capabilities directly; migrating it spans renderer setup and scene lifecycle.,"IsGfxReady() ? &Gfx() : nullptr,"
normal runtime path,SkullbonezSource/Runtime/Scene/RunScene.cpp,GfxRayTracing(),1,1075,owned by future scene render-resource context,Future render-resource context,deferred,Scene load/render setup borrows backend capabilities directly; migrating it spans renderer setup and scene lifecycle.,auto& rayTracing = GfxRayTracing();
normal runtime path,SkullbonezSource/Runtime/Scene/RunScene.cpp,WorkerPool::Instance(),1,59,owned by future scene runtime services context,Future runtime settings/worker context,deferred,"Scene load config and worker reads need explicit scene runtime services, but changing them is broader than this audit closure.",SkullbonezCore::Threading::WorkerPool& workerPool = SkullbonezCore::Threading::WorkerPool::Instance();
render pass,SkullbonezSource/UI/UI.cpp,CreateShaderFromActiveAssets(),1,594,owned by future UI render context,Future render-resource context,deferred,The immediate stale UIBackdropBlur globals were removed from the allowlist; remaining UI.cpp draw/shader globals need an explicit UI render context.,shader = SkullbonezCore::Assets::CreateShaderFromActiveAssets(                                   );
render pass,SkullbonezSource/UI/UI.cpp,Gfx(),16,602;613;657;658;659;662;665;666;667;672;675;677;678;679;680;681,owned by future UI render context,Future render-resource context,deferred,The immediate stale UIBackdropBlur globals were removed from the allowlist; remaining UI.cpp draw/shader globals need an explicit UI render context.,"dynamicVB = Gfx().CreateDynamicVB( attribs, 2, 6 );"
diagnostics,SkullbonezSource/UI/UITabProfiler.cpp,Gfx(),1,161,diagnostics exception,Future UI diagnostics view / DiagnosticsRuntime facade,accepted compatibility debt,Profiler UI reads live diagnostics/profiler state and still owns direct draw/profiler bridges until a UI diagnostics context exists.,return SkullbonezCore::Rendering::Gfx().GetFrameDrawCallTrace();
diagnostics,SkullbonezSource/UI/UITabProfiler.cpp,Profiler::Instance(),6,243;299;435;484;571;1002,diagnostics exception,Future UI diagnostics view / DiagnosticsRuntime facade,accepted compatibility debt,Profiler UI reads live diagnostics/profiler state and still owns direct draw/profiler bridges until a UI diagnostics context exists.,const SkullbonezCore::Basics::Profiler& profiler = SkullbonezCore::Basics::Profiler::Instance();
render pass,SkullbonezSource/World/SkyBox.cpp,Cfg(),2,52;65,owned by future world render-resource context,Future render-resource context,deferred,World terrain/skybox rendering still creates or binds resources directly; migrating it is a cross-cutting render-resource context slice.,const SkullbonezCore::Basics::EngineConfig& cfg = Cfg();
render pass,SkullbonezSource/World/SkyBox.cpp,CreateShaderFromActiveAssets(),1,127,owned by future world render-resource context,Future render-resource context,deferred,World terrain/skybox rendering still creates or binds resources directly; migrating it is a cross-cutting render-resource context slice.,m_shader = SkullbonezCore::Assets::CreateShaderFromActiveAssets(                         );
render pass,SkullbonezSource/World/SkyBox.cpp,Gfx(),1,124,owned by future world render-resource context,Future render-resource context,deferred,World terrain/skybox rendering still creates or binds resources directly; migrating it is a cross-cutting render-resource context slice.,"m_faceMeshes[i] = Gfx().CreateMesh( faceData[i], 6, false, true );"
render pass,SkullbonezSource/World/Terrain.cpp,Cfg(),22,135;183;309;419;419;432;459;459;561;656;656;714;715;734;735;767;768;774;842;843;843;844,owned by future world render-resource context,Future render-resource context,deferred,World terrain/skybox rendering still creates or binds resources directly; migrating it is a cross-cutting render-resource context slice.,const auto& ordinary = Cfg().ordinaryRender;
render pass,SkullbonezSource/World/Terrain.cpp,CreateShaderFromActiveAssets(),2,133;604,owned by future world render-resource context,Future render-resource context,deferred,World terrain/skybox rendering still creates or binds resources directly; migrating it is a cross-cutting render-resource context slice.,m_terrainShader = SkullbonezCore::Assets::CreateShaderFromActiveAssets(                       );
render pass,SkullbonezSource/World/Terrain.cpp,Gfx(),2,1217;1279,owned by future world render-resource context,Future render-resource context,deferred,World terrain/skybox rendering still creates or binds resources directly; migrating it is a cross-cutting render-resource context slice.,"m_terrainMesh = Gfx().CreateMesh( vertexData.data(),"
normal runtime path,SkullbonezSource/World/WorldEnvironment.cpp,Cfg(),20,126;127;145;171;172;185;253;293;397;403;404;405;414;415;417;422;423;424;570;607,owned by future world render-resource context,Future render-resource context,deferred,"Water/world environment code mixes config, shader factory, and backend access; moving it belongs with the world render-resource context.",style.waveHeight = Cfg().oceanWaveHeight;
normal runtime path,SkullbonezSource/World/WorldEnvironment.cpp,CreateShaderFromActiveAssets(),2,392;410,owned by future world render-resource context,Future render-resource context,deferred,"Water/world environment code mixes config, shader factory, and backend access; moving it belongs with the world render-resource context.",m_calmShader = SkullbonezCore::Assets::CreateShaderFromActiveAssets(                     );
normal runtime path,SkullbonezSource/World/WorldEnvironment.cpp,Gfx(),3,260;389;390,owned by future world render-resource context,Future render-resource context,deferred,"Water/world environment code mixes config, shader factory, and backend access; moving it belongs with the world render-resource context.","Gfx().BindTexture( reflection.textureHandle, 1 );"
