file,line,label,classification,source
SkullbonezSource/Assets/AssetSystem.cpp,40,g_*,asset lookup,AssetSystem* g_activeAssetSystem = nullptr;
SkullbonezSource/Assets/AssetSystem.cpp,352,Gfx(),asset lookup,return Rendering::Gfx().CreateShader( shader ? shader->baseName.c_str()
SkullbonezSource/Assets/AssetSystem.cpp,453,g_*,asset lookup,g_activeAssetSystem = assets;
SkullbonezSource/Assets/AssetSystem.cpp,456,ActiveAssetSystem(),asset lookup,AssetSystem* ActiveAssetSystem()
SkullbonezSource/Assets/AssetSystem.cpp,458,g_*,asset lookup,return g_activeAssetSystem;
SkullbonezSource/Assets/AssetSystem.cpp,461,CreateShaderFromActiveAssets(),asset lookup,std::unique_ptr<Rendering::IShader> CreateShaderFromActiveAssets( const char* logicalNameOrBaseName )
SkullbonezSource/Assets/AssetSystem.cpp,463,g_*,asset lookup,if ( g_activeAssetSystem )
SkullbonezSource/Assets/AssetSystem.cpp,465,g_*,asset lookup,return g_activeAssetSystem->CreateShader( logicalNameOrBaseName );
SkullbonezSource/Assets/AssetSystem.cpp,468,Gfx(),asset lookup,return Rendering::Gfx().CreateShader( fallbackBaseName ? fallbackBaseName : logicalNameOrBaseName );
SkullbonezSource/Assets/AssetSystem.h,184,ActiveAssetSystem(),asset lookup,AssetSystem* ActiveAssetSystem();
SkullbonezSource/Assets/AssetSystem.h,185,CreateShaderFromActiveAssets(),asset lookup,std::unique_ptr<Rendering::IShader> CreateShaderFromActiveAssets( const char* logicalNameOrBaseName );
SkullbonezSource/Assets/TextureCollection.cpp,37,TextureCollection::Instance(),asset lookup,TextureCollection* TextureCollection::Instance()
SkullbonezSource/Assets/TextureCollection.cpp,105,Gfx(),asset lookup,Gfx().DeleteTexture( texture.backendHandle );
SkullbonezSource/Assets/TextureCollection.cpp,143,Gfx(),asset lookup,"Gfx().BindTexture( m_textures[FindIndex( hash )].backendHandle, 0 );"
SkullbonezSource/Assets/TextureCollection.cpp,226,Gfx(),asset lookup,"Gfx().CreateTexture2D( data.get(), width, height, requestedChannels, generateMips, linearFilter );"
SkullbonezSource/Core/Common.h,111,Cfg(),bootstrap,inline SkullbonezCore::Basics::EngineConfig& Cfg()
SkullbonezSource/Core/Common.h,113,EngineConfig::Instance(),bootstrap,return SkullbonezCore::Basics::EngineConfig::Instance();
SkullbonezSource/Core/Common.h,118,Cfg(),bootstrap,"return std::clamp( Cfg().gameModelCapacity, 1, MAX_GAME_MODELS );"
SkullbonezSource/Core/Config.cpp,525,EngineConfig::Instance(),bootstrap,EngineConfig& EngineConfig::Instance()
SkullbonezSource/Core/LockOrderValidator.cpp,45,g_*,diagnostics,std::atomic<uint32_t> g_nextLockId{ 1 };
SkullbonezSource/Core/LockOrderValidator.cpp,46,g_*,diagnostics,std::atomic<uint32_t> g_nextThreadId{ 1 };
SkullbonezSource/Core/LockOrderValidator.cpp,51,g_*,diagnostics,thread_local std::vector<uint32_t> g_heldLocks;
SkullbonezSource/Core/LockOrderValidator.cpp,52,g_*,diagnostics,"thread_local uint32_t g_threadId = g_nextThreadId.fetch_add( 1, std::memory_order_relaxed );"
SkullbonezSource/Core/LockOrderValidator.cpp,52,g_*,diagnostics,"thread_local uint32_t g_threadId = g_nextThreadId.fetch_add( 1, std::memory_order_relaxed );"
SkullbonezSource/Core/LockOrderValidator.cpp,89,g_*,diagnostics,return g_threadId;
SkullbonezSource/Core/LockOrderValidator.cpp,112,LockOrderValidator::Instance(),diagnostics,LockOrderValidator& LockOrderValidator::Instance()
SkullbonezSource/Core/LockOrderValidator.cpp,136,g_*,diagnostics,for ( uint32_t heldLock : g_heldLocks )
SkullbonezSource/Core/LockOrderValidator.cpp,154,g_*,diagnostics,g_heldLocks.push_back( lockId );
SkullbonezSource/Core/LockOrderValidator.cpp,166,g_*,diagnostics,for ( auto it = g_heldLocks.rbegin(); it != g_heldLocks.rend(); ++it )
SkullbonezSource/Core/LockOrderValidator.cpp,166,g_*,diagnostics,for ( auto it = g_heldLocks.rbegin(); it != g_heldLocks.rend(); ++it )
SkullbonezSource/Core/LockOrderValidator.cpp,170,g_*,diagnostics,g_heldLocks.erase( std::next( it ).base() );
SkullbonezSource/Core/LockOrderValidator.cpp,199,g_*,diagnostics,": m_name( name ), m_id( g_nextLockId.fetch_add( 1, std::memory_order_relaxed ) )"
SkullbonezSource/Core/LockOrderValidator.cpp,201,LockOrderValidator::Instance(),diagnostics,"LockOrderValidator::Instance().RegisterLock( m_id, m_name );"
SkullbonezSource/Core/LockOrderValidator.cpp,207,LockOrderValidator::Instance(),diagnostics,"LockOrderValidator::Instance().RecordAcquisition( m_id, CurrentThreadId() );"
SkullbonezSource/Core/LockOrderValidator.cpp,218,LockOrderValidator::Instance(),diagnostics,"LockOrderValidator::Instance().RecordAcquisition( m_id, CurrentThreadId() );"
SkullbonezSource/Core/LockOrderValidator.cpp,225,LockOrderValidator::Instance(),diagnostics,"LockOrderValidator::Instance().RecordRelease( m_id, CurrentThreadId() );"
SkullbonezSource/Core/PlatformProfiler.cpp,42,g_*,diagnostics,std::atomic<bool> g_enabled{ false };
SkullbonezSource/Core/PlatformProfiler.cpp,43,g_*,diagnostics,std::atomic<bool> g_detailedRangesEnabled{ false };
SkullbonezSource/Core/PlatformProfiler.cpp,44,g_*,diagnostics,thread_local int g_cpuDepth = 0;
SkullbonezSource/Core/PlatformProfiler.cpp,239,g_*,diagnostics,"g_enabled.store( enabled && IsAvailable(), std::memory_order_relaxed );"
SkullbonezSource/Core/PlatformProfiler.cpp,240,g_*,diagnostics,if ( !g_enabled.load( std::memory_order_relaxed ) )
SkullbonezSource/Core/PlatformProfiler.cpp,242,g_*,diagnostics,"g_detailedRangesEnabled.store( false, std::memory_order_relaxed );"
SkullbonezSource/Core/PlatformProfiler.cpp,248,g_*,diagnostics,return g_enabled.load( std::memory_order_relaxed );
SkullbonezSource/Core/PlatformProfiler.cpp,253,g_*,diagnostics,"g_detailedRangesEnabled.store( enabled && IsEnabled(), std::memory_order_relaxed );"
SkullbonezSource/Core/PlatformProfiler.cpp,258,g_*,diagnostics,return g_detailedRangesEnabled.load( std::memory_order_relaxed );
SkullbonezSource/Core/PlatformProfiler.cpp,329,g_*,diagnostics,++g_cpuDepth;
SkullbonezSource/Core/PlatformProfiler.cpp,339,g_*,diagnostics,if ( g_cpuDepth <= 0 )
SkullbonezSource/Core/PlatformProfiler.cpp,348,g_*,diagnostics,--g_cpuDepth;
SkullbonezSource/Core/Profiler.cpp,76,Profiler::Instance(),diagnostics,Profiler& Profiler::Instance()
SkullbonezSource/Core/Profiler.cpp,342,Profiler::Instance(),diagnostics,"Profiler::Instance().RecordWorkerSample( m_fullPath, m_hash, m_workerIndex, m_startTicks, t.QuadPart );"
SkullbonezSource/Core/Profiler.cpp,444,Gfx(),diagnostics,"Gfx().PlatformProfilerGpuBegin( fullPath, hash );"
SkullbonezSource/Core/Profiler.cpp,468,Gfx(),diagnostics,Gfx().PlatformProfilerGpuEnd();
SkullbonezSource/Core/Profiler.cpp,480,Gfx(),diagnostics,if ( IsGfxReady() && Gfx().GetCapabilities().supportsGpuTimers )
SkullbonezSource/Core/Profiler.cpp,486,Gfx(),diagnostics,Gfx().GpuTimerBegin( idx );
SkullbonezSource/Core/Profiler.cpp,494,Gfx(),diagnostics,if ( IsGfxReady() && Gfx().GetCapabilities().supportsGpuTimers )
SkullbonezSource/Core/Profiler.cpp,500,Gfx(),diagnostics,Gfx().GpuTimerEnd( idx );
SkullbonezSource/Core/Profiler.cpp,509,Gfx(),diagnostics,if ( IsGfxReady() && Gfx().GetCapabilities().supportsGpuTimers )
SkullbonezSource/Core/Profiler.cpp,519,Gfx(),diagnostics,"if ( Gfx().GpuTimerRead( i, ms ) )"
SkullbonezSource/Core/Profiler.cpp,574,Gfx(),diagnostics,Gfx().GpuTimerInvalidate();
SkullbonezSource/Core/Profiler.h,280,Profiler::Instance(),diagnostics,"Profiler::Instance().Begin( m_fullPath, m_hash );"
SkullbonezSource/Core/Profiler.h,284,Profiler::Instance(),diagnostics,"Profiler::Instance().End( m_fullPath, m_hash );"
SkullbonezSource/Core/Profiler.h,299,Profiler::Instance(),diagnostics,"Profiler::Instance().GpuBegin( m_fullPath, m_hash );"
SkullbonezSource/Core/Profiler.h,303,Profiler::Instance(),diagnostics,"Profiler::Instance().GpuEnd( m_fullPath, m_hash );"
SkullbonezSource/Core/Profiler.h,341,Profiler::Instance(),diagnostics,"::SkullbonezCore::Basics::Profiler::Instance().Begin( name, PROFILE_PASTE( _profH_, __LINE__ ) );              \"
SkullbonezSource/Core/Profiler.h,348,Profiler::Instance(),diagnostics,"::SkullbonezCore::Basics::Profiler::Instance().End( name, PROFILE_PASTE( _profH_, __LINE__ ) );                \"
SkullbonezSource/Core/Profiler.h,360,Profiler::Instance(),diagnostics,"::SkullbonezCore::Basics::Profiler::Instance().GpuBegin( name, PROFILE_PASTE( _profH_, __LINE__ ) );           \"
SkullbonezSource/Core/Profiler.h,367,Profiler::Instance(),diagnostics,"::SkullbonezCore::Basics::Profiler::Instance().GpuEnd( name, PROFILE_PASTE( _profH_, __LINE__ ) );             \"
SkullbonezSource/Core/Profiler.h,381,Profiler::Instance(),diagnostics,#define PROFILE_FRAME_BEGIN() ::SkullbonezCore::Basics::Profiler::Instance().FrameBegin()
SkullbonezSource/Core/Profiler.h,382,Profiler::Instance(),diagnostics,#define PROFILE_FRAME_END() ::SkullbonezCore::Basics::Profiler::Instance().FrameEnd()
SkullbonezSource/Core/Profiler.h,383,Profiler::Instance(),diagnostics,#define PROFILE_SCHEDULE_RESET() ::SkullbonezCore::Basics::Profiler::Instance().ScheduleReset()
SkullbonezSource/Core/WorkerPool.cpp,43,g_*,normal runtime path,thread_local bool g_isWorkerThread = false;
SkullbonezSource/Core/WorkerPool.cpp,44,g_*,normal runtime path,thread_local int g_workerThreadIndex = -1;
SkullbonezSource/Core/WorkerPool.cpp,105,WorkerPool::Instance(),normal runtime path,WorkerPool& WorkerPool::Instance()
SkullbonezSource/Core/WorkerPool.cpp,142,g_*,normal runtime path,return g_isWorkerThread;
SkullbonezSource/Core/WorkerPool.cpp,148,g_*,normal runtime path,return g_workerThreadIndex;
SkullbonezSource/Core/WorkerPool.cpp,382,g_*,normal runtime path,g_isWorkerThread = true;
SkullbonezSource/Core/WorkerPool.cpp,383,g_*,normal runtime path,g_workerThreadIndex = workerIndex;
SkullbonezSource/Core/WorkerPool.cpp,415,g_*,normal runtime path,g_isWorkerThread = false;
SkullbonezSource/Core/WorkerPool.cpp,416,g_*,normal runtime path,g_workerThreadIndex = -1;
SkullbonezSource/Core/WorkerPool.cpp,422,WorkerPool::Instance(),normal runtime path,WorkerPool& pool = WorkerPool::Instance();
SkullbonezSource/GameObjects/GameModel.cpp,85,Cfg(),normal runtime path,m_physicsInfo.SetFrictionCoefficient( Cfg().frictionCoeff );
SkullbonezSource/GameObjects/GameModel.cpp,144,Cfg(),normal runtime path,m_ballPhysics.dragCoefficient = Cfg().sphereDragCoeff;
SkullbonezSource/GameObjects/GameModel.cpp,980,Cfg(),normal runtime path,if ( gap <= Cfg().contactEpsilon )
SkullbonezSource/GameObjects/GameModel.cpp,1053,Cfg(),normal runtime path,if ( gap <= Cfg().contactEpsilon )
SkullbonezSource/GameObjects/GameModel.cpp,1116,Cfg(),normal runtime path,if ( gap <= Cfg().contactEpsilon )
SkullbonezSource/GameObjects/GameModel.cpp,1257,Cfg(),normal runtime path,"const float contactThreshold = (std::max)( 0.0f, Cfg().terrainContactThreshold );"
SkullbonezSource/GameObjects/GameModel.cpp,1296,Cfg(),normal runtime path,"const float contactThreshold = (std::max)( 0.0f, Cfg().terrainContactThreshold );"
SkullbonezSource/GameObjects/GameModel.cpp,1323,Cfg(),normal runtime path,if ( preVn < -Cfg().contactRestitutionThreshold && out.pointCount > 1 )
SkullbonezSource/GameObjects/GameModel.cpp,1355,Cfg(),normal runtime path,"Cfg().contactEpsilon,"
SkullbonezSource/GameObjects/GameModel.cpp,1738,Cfg(),normal runtime path,const float supportGap = Cfg().contactEpsilon + Physics::BOX_TERRAIN_VERTEX_SUPPORT_SLACK;
SkullbonezSource/Physics/BoundingSphere.cpp,247,Cfg(),normal runtime path,return Cfg().sphereDragCoeff;
SkullbonezSource/Physics/Debug/BroadphaseVisualizer.cpp,363,Gfx(),diagnostics,if ( !m_enabled || m_cellCount == 0 || !Gfx().GetCapabilities().supportsDebugLines )
SkullbonezSource/Physics/Debug/BroadphaseVisualizer.cpp,384,Gfx(),diagnostics,"Gfx().DrawLinesColored( m_lineData.data(), vertCount, viewProj.Data() );"
SkullbonezSource/Physics/Debug/CollisionVisualizer.cpp,105,Gfx(),diagnostics,Gfx().DestroyInstancedMesh( m_sphereInstMesh );
SkullbonezSource/Physics/Debug/CollisionVisualizer.cpp,109,Gfx(),diagnostics,Gfx().DestroyInstancedMesh( m_boxInstMesh );
SkullbonezSource/Physics/Debug/CollisionVisualizer.cpp,113,Gfx(),diagnostics,Gfx().DestroyDynamicVB( m_hullDynamicVB );
SkullbonezSource/Physics/Debug/CollisionVisualizer.cpp,147,Gfx(),diagnostics,"m_sphereInstMesh = Gfx().CreateInstancedMesh( verts.data(),"
SkullbonezSource/Physics/Debug/CollisionVisualizer.cpp,178,Gfx(),diagnostics,"m_boxInstMesh = Gfx().CreateInstancedMesh( verts.data(),"
SkullbonezSource/Physics/Debug/CollisionVisualizer.cpp,198,CreateShaderFromActiveAssets(),diagnostics,"m_shader = SkullbonezCore::Assets::CreateShaderFromActiveAssets( ""shader.collision_visualizer"" );"
SkullbonezSource/Physics/Debug/CollisionVisualizer.cpp,211,Gfx(),diagnostics,"m_hullDynamicVB = Gfx().CreateDynamicVB( attribs, 7, HULL_MAX_TRIANGLE_VERTICES );"
SkullbonezSource/Physics/Debug/CollisionVisualizer.cpp,369,Gfx(),diagnostics,"Gfx().UploadInstanceData( mesh, instanceData.data(), static_cast<int>( instanceData.size() ) );"
SkullbonezSource/Physics/Debug/CollisionVisualizer.cpp,370,Gfx(),diagnostics,"Gfx().DrawInstancedMesh( mesh, vertexCount, instanceCount );"
SkullbonezSource/Physics/Debug/CollisionVisualizer.cpp,430,Gfx(),diagnostics,"Gfx().UploadAndDrawDynamicVB( m_hullDynamicVB, sHullDebugVertexData.data(), vertexCount );"
SkullbonezSource/Physics/Debug/CollisionVisualizer.cpp,491,Gfx(),diagnostics,Gfx().SetBlend( translucent );
SkullbonezSource/Physics/Debug/CollisionVisualizer.cpp,494,Gfx(),diagnostics,"Gfx().SetBlendFunc( BlendFactor::SrcAlpha, BlendFactor::OneMinusSrcAlpha );"
SkullbonezSource/Physics/Debug/CollisionVisualizer.cpp,495,Gfx(),diagnostics,Gfx().SetDepthWrite( false );
SkullbonezSource/Physics/Debug/CollisionVisualizer.cpp,534,Gfx(),diagnostics,Gfx().SetDepthWrite( true );
SkullbonezSource/Physics/Debug/CollisionVisualizer.cpp,536,Gfx(),diagnostics,Gfx().SetBlend( false );
SkullbonezSource/Physics/Debug/PhysicsDebugVisualizer.cpp,584,Gfx(),diagnostics,if ( m_flags == PHYSICS_DEBUG_NONE || models.GetModelCount() <= 0 || !Gfx().GetCapabilities().supportsDebugLines )
SkullbonezSource/Physics/Debug/PhysicsDebugVisualizer.cpp,617,Gfx(),diagnostics,"Gfx().DrawLinesColored( m_lineData.data(), static_cast<int>( m_lineData.size() / 6 ), viewProj.Data() );"
SkullbonezSource/Physics/PersistentContactSolver.cpp,139,Cfg(),normal runtime path,"const float contactSlop = (std::max)( 0.0f, Cfg().persistentContactSlop );"
SkullbonezSource/Physics/PersistentContactSolver.cpp,148,Cfg(),normal runtime path,"const float baumgarteBeta = (std::max)( 0.0f, Cfg().persistentContactBaumgarteBeta );"
SkullbonezSource/Physics/PersistentContactSolver.cpp,157,Cfg(),normal runtime path,"(std::max)( 0.0f, (std::min)( Cfg().persistentContactPositionCorrectionPercent, 1.0f ) );"
SkullbonezSource/Physics/PersistentContactSolver.cpp,158,Cfg(),normal runtime path,"const float maxBaumgarteBias = (std::max)( 0.0f, Cfg().terrainMaxBaumgarteBias );"
SkullbonezSource/Physics/PersistentContactSolver.cpp,167,Cfg(),normal runtime path,"const int solverIterations = (std::max)( 1, Cfg().persistentContactSolverIterations );"
SkullbonezSource/Physics/PersistentContactSolver.cpp,169,Cfg(),normal runtime path,const float objectFrictionCoeff = Cfg().objectFrictionCoeff;
SkullbonezSource/Physics/PersistentContactSolver.cpp,432,Cfg(),normal runtime path,"const float sleepLinear = (std::max)( 0.0f, Cfg().physicsSleepLinearSpeed );"
SkullbonezSource/Physics/PersistentContactSolver.cpp,433,Cfg(),normal runtime path,"const float sleepAngular = (std::max)( 0.0f, Cfg().physicsSleepAngularSpeed );"
SkullbonezSource/Physics/PersistentContactSolver.cpp,452,Cfg(),normal runtime path,"(std::max)( 1.0e-4f, m_gameModels[supportedIndex].GetMass() * fabsf( Cfg().gravity ) * dt * 0.01f );"
SkullbonezSource/Physics/PersistentContactSolver.cpp,519,Cfg(),normal runtime path,conservativeContactRadius( a ) + conservativeContactRadius( b ) + Cfg().contactEpsilon;
SkullbonezSource/Physics/PersistentContactSolver.cpp,532,Cfg(),normal runtime path,"manifoldBuilt = BuildObjectContactManifold( a, b, aIndex, bIndex, Cfg().contactEpsilon, manifold );"
SkullbonezSource/Physics/PersistentContactSolver.cpp,649,Cfg(),normal runtime path,const float warmStartTotal = m_gameModels[manifold.bodyA].GetMass() * fabsf( Cfg().gravity ) *
SkullbonezSource/Physics/PersistentContactSolver.cpp,782,Cfg(),normal runtime path,"const float terrainSlop = (std::max)( 0.0f, Cfg().terrainContactSlop );"
SkullbonezSource/Physics/PersistentContactSolver.cpp,784,Cfg(),normal runtime path,vn > -Cfg().contactRestitutionThreshold )
SkullbonezSource/Physics/PersistentContactSolver.cpp,790,Cfg(),normal runtime path,else if ( fabsf( vn ) < Cfg().contactRestitutionThreshold )
SkullbonezSource/Physics/PersistentContactSolver.cpp,795,Cfg(),normal runtime path,"const float terrainBeta = (std::max)( 0.0f, Cfg().terrainContactBaumgarteBeta );"
SkullbonezSource/Physics/PersistentContactSolver.cpp,796,Cfg(),normal runtime path,"const float maxTerrainBias = (std::max)( 0.0f, Cfg().terrainMaxBaumgarteBias );"
SkullbonezSource/Physics/PersistentContactSolver.cpp,804,Cfg(),normal runtime path,else if ( vn < -Cfg().contactRestitutionThreshold )
SkullbonezSource/Physics/PersistentContactSolver.cpp,810,Cfg(),normal runtime path,else if ( vn < -Cfg().contactRestitutionThreshold )
SkullbonezSource/Physics/PersistentContactSolver.cpp,816,Cfg(),normal runtime path,else if ( vn >= -Cfg().contactRestitutionThreshold )
SkullbonezSource/Physics/PersistentContactSolver.cpp,847,Cfg(),normal runtime path,? ( c.allowsTangentFriction ? Cfg().frictionCoeff * c.terrainWarmStart : 0.0f )
SkullbonezSource/Physics/PersistentContactSolver.cpp,849,Cfg(),normal runtime path,: objectFrictionCoeff * contactMass * fabsf( Cfg().gravity ) * dt );
SkullbonezSource/Physics/PersistentContactSolver.cpp,876,Cfg(),normal runtime path,? Cfg().frictionCoeff *
SkullbonezSource/Physics/PersistentContactSolver.cpp,985,Cfg(),normal runtime path,? Cfg().frictionCoeff *
SkullbonezSource/Physics/PersistentContactSolver.cpp,1052,Cfg(),normal runtime path,float normalForce = model.GetMass() * fabsf( Cfg().gravity ) * fabsf( manifold.normal.y );
SkullbonezSource/Physics/PersistentContactSolver.cpp,1181,Cfg(),normal runtime path,"const float rowContactSlop = c.isTerrain ? (std::max)( 0.0f, Cfg().terrainContactSlop ) : contactSlop;"
SkullbonezSource/Physics/PhysicsWorld.cpp,113,Cfg(),normal runtime path,PhysicsWorld::PhysicsWorld() : m_spatialGrid( Cfg().broadphaseCell )
SkullbonezSource/Physics/PhysicsWorld.cpp,799,Cfg(),normal runtime path,"m_sleepCounter[index] = static_cast<uint8_t>( (std::min)( Cfg().physicsSleepFrames, 255 ) );"
SkullbonezSource/Physics/PhysicsWorld.cpp,1008,Cfg(),normal runtime path,if ( Cfg().physicsParallel && Cfg().physicsParallelTornadoField )
SkullbonezSource/Physics/PhysicsWorld.cpp,1008,Cfg(),normal runtime path,if ( Cfg().physicsParallel && Cfg().physicsParallelTornadoField )
SkullbonezSource/Physics/PhysicsWorld.cpp,1010,WorkerPool::Instance(),normal runtime path,"SkullbonezCore::Threading::WorkerPool::Instance().ParallelFor( 0,"
SkullbonezSource/Physics/PhysicsWorld.cpp,1645,Cfg(),normal runtime path,"const float sleepLinear = (std::max)( 0.0f, Cfg().physicsSleepLinearSpeed );"
SkullbonezSource/Physics/PhysicsWorld.cpp,1646,Cfg(),normal runtime path,"const float sleepAngular = (std::max)( 0.0f, Cfg().physicsSleepAngularSpeed );"
SkullbonezSource/Physics/PhysicsWorld.cpp,1649,Cfg(),normal runtime path,"const uint8_t SLEEP_FRAMES = static_cast<uint8_t>( (std::max)( 1, (std::min)( Cfg().physicsSleepFrames, 255 ) ) );"
SkullbonezSource/Physics/PhysicsWorld.cpp,1677,Cfg(),normal runtime path,if ( Cfg().physicsParallel && Cfg().physicsParallelApplyForces )
SkullbonezSource/Physics/PhysicsWorld.cpp,1677,Cfg(),normal runtime path,if ( Cfg().physicsParallel && Cfg().physicsParallelApplyForces )
SkullbonezSource/Physics/PhysicsWorld.cpp,1679,WorkerPool::Instance(),normal runtime path,"SkullbonezCore::Threading::WorkerPool::Instance().ParallelFor( 0,"
SkullbonezSource/Physics/PhysicsWorld.cpp,1779,Cfg(),normal runtime path,Cfg().contactEpsilon + PHYSICS_FAST_SWEEP_PAIR_SLOP;
SkullbonezSource/Physics/PhysicsWorld.cpp,1941,Cfg(),normal runtime path,"Cfg().contactEpsilon,"
SkullbonezSource/Physics/PhysicsWorld.cpp,1963,Cfg(),normal runtime path,"BuildObjectContactManifold( m_gameModels[a], m_gameModels[b], a, b, Cfg().contactEpsilon, manifold );"
SkullbonezSource/Physics/PhysicsWorld.cpp,2401,Cfg(),normal runtime path,PHYSICS_NARROWPHASE_ISLAND_WORKER_ENABLED && Cfg().physicsParallel && Cfg().physicsParallelNarrowphase &&
SkullbonezSource/Physics/PhysicsWorld.cpp,2401,Cfg(),normal runtime path,PHYSICS_NARROWPHASE_ISLAND_WORKER_ENABLED && Cfg().physicsParallel && Cfg().physicsParallelNarrowphase &&
SkullbonezSource/Physics/PhysicsWorld.cpp,2404,WorkerPool::Instance(),normal runtime path,SkullbonezCore::Threading::WorkerPool::Instance().GetThreadCount() > 0;
SkullbonezSource/Physics/PhysicsWorld.cpp,2418,WorkerPool::Instance(),normal runtime path,SkullbonezCore::Threading::WorkerPool::Instance().ParallelFor(
SkullbonezSource/Physics/PhysicsWorld.cpp,2518,Cfg(),normal runtime path,if ( Cfg().physicsParallel && Cfg().physicsParallelTerrainDetect )
SkullbonezSource/Physics/PhysicsWorld.cpp,2518,Cfg(),normal runtime path,if ( Cfg().physicsParallel && Cfg().physicsParallelTerrainDetect )
SkullbonezSource/Physics/PhysicsWorld.cpp,2520,WorkerPool::Instance(),normal runtime path,"SkullbonezCore::Threading::WorkerPool::Instance().ParallelFor( 0,"
SkullbonezSource/Physics/PhysicsWorld.cpp,2574,Cfg(),normal runtime path,if ( Cfg().physicsParallel && Cfg().physicsParallelIntegrate )
SkullbonezSource/Physics/PhysicsWorld.cpp,2574,Cfg(),normal runtime path,if ( Cfg().physicsParallel && Cfg().physicsParallelIntegrate )
SkullbonezSource/Physics/PhysicsWorld.cpp,2576,WorkerPool::Instance(),normal runtime path,"SkullbonezCore::Threading::WorkerPool::Instance().ParallelFor( 0,"
SkullbonezSource/Physics/RigidBody.cpp,220,Cfg(),normal runtime path,float limitSq = Cfg().velocityLimit * Cfg().velocityLimit;
SkullbonezSource/Physics/RigidBody.cpp,220,Cfg(),normal runtime path,float limitSq = Cfg().velocityLimit * Cfg().velocityLimit;
SkullbonezSource/Physics/RigidBody.cpp,223,Cfg(),normal runtime path,float scale = Cfg().velocityLimit / sqrtf( magSq );
SkullbonezSource/Physics/TornadoField.cpp,328,Gfx(),test/tool,if ( !m_config.visualizeVelocityField || !Gfx().GetCapabilities().supportsDebugLines )
SkullbonezSource/Physics/TornadoField.cpp,411,Gfx(),test/tool,"Gfx().DrawLinesColored( m_lineData.data(), vertCount, viewProj.Data() );"
SkullbonezSource/Rendering/GameModelRenderer.cpp,112,Cfg(),render pass,const bool alphaBlendedPass = Cfg().runtimeRender.renderCollisionVolumes || clampedMaterialAlpha < 1.0f;
SkullbonezSource/Rendering/GameModelRenderer.cpp,299,Cfg(),render pass,if ( SHADOW_PARALLEL_PREP_WORKER_ENABLED && Cfg().shadowParallelPrep &&
SkullbonezSource/Rendering/GameModelRenderer.cpp,304,WorkerPool::Instance(),render pass,SkullbonezCore::Threading::WorkerPool::Instance().ParallelCollectOrdered<ShadowCasterBatches>(
SkullbonezSource/Rendering/GameModelRenderer.cpp,478,Cfg(),render pass,if ( SHADOW_PARALLEL_PREP_WORKER_ENABLED && Cfg().shadowParallelPrep &&
SkullbonezSource/Rendering/GameModelRenderer.cpp,483,WorkerPool::Instance(),render pass,SkullbonezCore::Threading::WorkerPool::Instance().ParallelCollectOrdered<BoundsAccumulator>(
SkullbonezSource/Rendering/Helper.cpp,126,Gfx(),render pass,Gfx().SetBlend( true );
SkullbonezSource/Rendering/Helper.cpp,127,Gfx(),render pass,"Gfx().SetBlendFunc( BlendFactor::SrcAlpha, BlendFactor::OneMinusSrcAlpha );"
SkullbonezSource/Rendering/Helper.cpp,128,Gfx(),render pass,Gfx().SetDepthWrite( false );
SkullbonezSource/Rendering/Helper.cpp,136,Gfx(),render pass,Gfx().SetDepthWrite( true );
SkullbonezSource/Rendering/Helper.cpp,138,Gfx(),render pass,Gfx().SetBlend( false );
SkullbonezSource/Rendering/Helper.cpp,160,Gfx(),render pass,"Gfx().BindTexture( sMaterialTableTexture, MATERIAL_TABLE_TEXTURE_SLOT );"
SkullbonezSource/Rendering/Helper.cpp,177,Gfx(),render pass,"sMaterialTableTexture = Gfx().CreateTexture2D( rows, MATERIAL_TABLE_WIDTH, 1, 4, false, false );"
SkullbonezSource/Rendering/Helper.cpp,178,Gfx(),render pass,"Gfx().BindTexture( sMaterialTableTexture, MATERIAL_TABLE_TEXTURE_SLOT );"
SkullbonezSource/Rendering/Helper.cpp,227,Gfx(),render pass,"sConvexHullDynamicVB = Gfx().CreateDynamicVB( attribs, 11, HULL_MAX_TRIANGLE_VERTICES );"
SkullbonezSource/Rendering/Helper.cpp,279,Cfg(),render pass,const OrdinaryRenderConfig& ordinary = Cfg().ordinaryRender;
SkullbonezSource/Rendering/Helper.cpp,301,Cfg(),render pass,const OrdinaryRenderConfig& ordinary = Cfg().ordinaryRender;
SkullbonezSource/Rendering/Helper.cpp,368,Gfx(),render pass,"Gfx().BindTexture( enabled ? shadow->depthTextureHandle : 0, SHADOW_TEXTURE_SLOT );"
SkullbonezSource/Rendering/Helper.cpp,447,Gfx(),render pass,Gfx().DestroyInstancedMesh( sphereInstMesh );
SkullbonezSource/Rendering/Helper.cpp,452,Gfx(),render pass,Gfx().DestroyInstancedMesh( lowPolySphereInstMesh );
SkullbonezSource/Rendering/Helper.cpp,457,Gfx(),render pass,Gfx().DestroyInstancedMesh( boxInstMesh );
SkullbonezSource/Rendering/Helper.cpp,462,Gfx(),render pass,Gfx().DestroyInstancedMesh( pineInstMesh );
SkullbonezSource/Rendering/Helper.cpp,467,Gfx(),render pass,Gfx().DeleteTexture( sMaterialTableTexture );
SkullbonezSource/Rendering/Helper.cpp,472,Gfx(),render pass,Gfx().DestroyDynamicVB( sConvexHullDynamicVB );
SkullbonezSource/Rendering/Helper.cpp,484,CreateShaderFromActiveAssets(),render pass,"sphereShader = SkullbonezCore::Assets::CreateShaderFromActiveAssets( ""shader.lit_textured_instanced"" );"
SkullbonezSource/Rendering/Helper.cpp,502,CreateShaderFromActiveAssets(),render pass,"shadowDepthShader = SkullbonezCore::Assets::CreateShaderFromActiveAssets( ""shader.shadow_depth_instanced"" );"
SkullbonezSource/Rendering/Helper.cpp,537,Gfx(),render pass,"sphereInstMesh = Gfx().CreateInstancedMesh( verts.data(),"
SkullbonezSource/Rendering/Helper.cpp,570,Gfx(),render pass,"lowPolySphereInstMesh = Gfx().CreateInstancedMesh( verts.data(),"
SkullbonezSource/Rendering/Helper.cpp,661,Gfx(),render pass,"Gfx().UploadInstanceData( activeSphereInstMesh,"
SkullbonezSource/Rendering/Helper.cpp,664,Gfx(),render pass,"Gfx().DrawInstancedMesh( activeSphereInstMesh, activeSphereVertexCount, instanceCount );"
SkullbonezSource/Rendering/Helper.cpp,730,Gfx(),render pass,"Gfx().UploadInstanceData( activeSphereInstMesh,"
SkullbonezSource/Rendering/Helper.cpp,733,Gfx(),render pass,"Gfx().DrawInstancedMesh( activeSphereInstMesh, activeSphereVertexCount, instanceCount );"
SkullbonezSource/Rendering/Helper.cpp,766,Gfx(),render pass,"boxInstMesh = Gfx().CreateInstancedMesh( verts.data(),"
SkullbonezSource/Rendering/Helper.cpp,832,Gfx(),render pass,"Gfx().UploadInstanceData( boxInstMesh, boxInstanceData.data(), static_cast<int>( boxInstanceData.size() ) );"
SkullbonezSource/Rendering/Helper.cpp,833,Gfx(),render pass,"Gfx().DrawInstancedMesh( boxInstMesh, boxVertexCount, instanceCount );"
SkullbonezSource/Rendering/Helper.cpp,877,Gfx(),render pass,"Gfx().UploadInstanceData( boxInstMesh, boxInstanceData.data(), static_cast<int>( boxInstanceData.size() ) );"
SkullbonezSource/Rendering/Helper.cpp,878,Gfx(),render pass,"Gfx().DrawInstancedMesh( boxInstMesh, boxVertexCount, instanceCount );"
SkullbonezSource/Rendering/Helper.cpp,916,Gfx(),render pass,"Gfx().UploadAndDrawDynamicVB( sConvexHullDynamicVB, sConvexHullVertexData.data(), vertexCount );"
SkullbonezSource/Rendering/Helper.cpp,945,Gfx(),render pass,"Gfx().UploadAndDrawDynamicVB( sConvexHullDynamicVB, sConvexHullVertexData.data(), vertexCount );"
SkullbonezSource/Rendering/Helper.cpp,966,Gfx(),render pass,"pineInstMesh = Gfx().CreateInstancedMesh( verts.data(),"
SkullbonezSource/Rendering/Helper.cpp,1035,Gfx(),render pass,"Gfx().UploadInstanceData( pineInstMesh, pineInstanceData.data(), static_cast<int>( pineInstanceData.size() ) );"
SkullbonezSource/Rendering/Helper.cpp,1036,Gfx(),render pass,"Gfx().DrawInstancedMesh( pineInstMesh, pineVertexCount, instanceCount );"
SkullbonezSource/Rendering/Helper.cpp,1077,Gfx(),render pass,"Gfx().UploadInstanceData( pineInstMesh, pineInstanceData.data(), static_cast<int>( pineInstanceData.size() ) );"
SkullbonezSource/Rendering/Helper.cpp,1078,Gfx(),render pass,"Gfx().DrawInstancedMesh( pineInstMesh, pineVertexCount, instanceCount );"
SkullbonezSource/Rendering/IRenderBackend.cpp,42,Gfx(),render pass,IRenderBackend& Gfx()
SkullbonezSource/Rendering/IRenderBackend.cpp,57,Gfx(),render pass,return Gfx();
SkullbonezSource/Rendering/IRenderBackend.cpp,61,GfxRayTracing(),render pass,IRenderRayTracing& GfxRayTracing()
SkullbonezSource/Rendering/IRenderBackend.h,78,Gfx(),render pass,IRenderBackend& Gfx();
SkullbonezSource/Rendering/IRenderBackend.h,79,GfxRayTracing(),render pass,IRenderRayTracing& GfxRayTracing();
SkullbonezSource/Rendering/IRenderBackend.h,93,Gfx(),render pass,"Gfx().PushDrawCallTraceScope( fullPathOrLeaf, hash );"
SkullbonezSource/Rendering/IRenderBackend.h,100,Gfx(),render pass,Gfx().PopDrawCallTraceScope( m_hash );
SkullbonezSource/Rendering/Shadow.h,127,Gfx(),render pass,"Gfx().BindTexture( shadow->depthTextureHandle, SHADOW_TEXTURE_SLOT );"
SkullbonezSource/Rendering/Shadow.h,134,Gfx(),render pass,"Gfx().BindTexture( 0, SHADOW_TEXTURE_SLOT );"
SkullbonezSource/Rendering/Text.cpp,248,Gfx(),render pass,"Text2d::fontTexture = Gfx().CreateTexture2D( pixels.get(), FONT_ATLAS_W, FONT_ATLAS_H, 1, false, true );"
SkullbonezSource/Rendering/Text.cpp,519,Gfx(),render pass,"Text2d::textBatchVB = Gfx().CreateDynamicVB( batchAttribs, 3, TEXT_BATCH_MAX_CHARS * TEXT_BATCH_VERTS_PER_CHAR );"
SkullbonezSource/Rendering/Text.cpp,523,Gfx(),render pass,"Text2d::dynamicVB = Gfx().CreateDynamicVB( quadAttribs, 2, 6 );"
SkullbonezSource/Rendering/Text.cpp,529,Gfx(),render pass,"Gfx().CreateDynamicVB( quadBatchAttribs, 2, QUAD_BATCH_MAX_QUADS * QUAD_BATCH_VERTS_PER_QUAD );"
SkullbonezSource/Rendering/Text.cpp,532,CreateShaderFromActiveAssets(),render pass,"Text2d::pTextShader = SkullbonezCore::Assets::CreateShaderFromActiveAssets( ""shader.text"" );"
SkullbonezSource/Rendering/Text.cpp,537,CreateShaderFromActiveAssets(),render pass,"Text2d::pSolidShader = SkullbonezCore::Assets::CreateShaderFromActiveAssets( ""shader.solid_color"" );"
SkullbonezSource/Rendering/Text.cpp,540,CreateShaderFromActiveAssets(),render pass,"Text2d::pSolidBatchShader = SkullbonezCore::Assets::CreateShaderFromActiveAssets( ""shader.solid_color_batch"" );"
SkullbonezSource/Rendering/Text.cpp,544,Cfg(),render pass,"Text2d::RebuildProjection( Cfg().window.screenX, Cfg().window.screenY );"
SkullbonezSource/Rendering/Text.cpp,544,Cfg(),render pass,"Text2d::RebuildProjection( Cfg().window.screenX, Cfg().window.screenY );"
SkullbonezSource/Rendering/Text.cpp,592,Gfx(),render pass,Gfx().DeleteTexture( Text2d::fontTexture );
SkullbonezSource/Rendering/Text.cpp,597,Gfx(),render pass,Gfx().DestroyDynamicVB( Text2d::textBatchVB );
SkullbonezSource/Rendering/Text.cpp,602,Gfx(),render pass,Gfx().DestroyDynamicVB( Text2d::dynamicVB );
SkullbonezSource/Rendering/Text.cpp,607,Gfx(),render pass,Gfx().DestroyDynamicVB( Text2d::quadBatchVB );
SkullbonezSource/Rendering/Text.cpp,738,Gfx(),render pass,bool depthWasEnabled = Gfx().IsDepthTestEnabled();
SkullbonezSource/Rendering/Text.cpp,739,Gfx(),render pass,bool blendWasEnabled = Gfx().IsBlendEnabled();
SkullbonezSource/Rendering/Text.cpp,741,Gfx(),render pass,Gfx().SetDepthTest( false );
SkullbonezSource/Rendering/Text.cpp,742,Gfx(),render pass,Gfx().SetBlend( true );
SkullbonezSource/Rendering/Text.cpp,743,Gfx(),render pass,"Gfx().SetBlendFunc( BlendFactor::SrcAlpha, BlendFactor::OneMinusSrcAlpha );"
SkullbonezSource/Rendering/Text.cpp,747,Gfx(),render pass,"Gfx().BindTexture( Text2d::fontTexture, 0 );"
SkullbonezSource/Rendering/Text.cpp,750,Gfx(),render pass,"Gfx().UploadAndDrawDynamicVB( Text2d::textBatchVB, s_batchBuf, s_batchVerts );"
SkullbonezSource/Rendering/Text.cpp,752,Gfx(),render pass,Gfx().SetDepthTest( depthWasEnabled );
SkullbonezSource/Rendering/Text.cpp,753,Gfx(),render pass,Gfx().SetBlend( blendWasEnabled );
SkullbonezSource/Rendering/Text.cpp,837,Gfx(),render pass,bool depthWasEnabled = Gfx().IsDepthTestEnabled();
SkullbonezSource/Rendering/Text.cpp,838,Gfx(),render pass,bool blendWasEnabled = Gfx().IsBlendEnabled();
SkullbonezSource/Rendering/Text.cpp,840,Gfx(),render pass,Gfx().SetDepthTest( false );
SkullbonezSource/Rendering/Text.cpp,841,Gfx(),render pass,Gfx().SetBlend( true );
SkullbonezSource/Rendering/Text.cpp,842,Gfx(),render pass,"Gfx().SetBlendFunc( BlendFactor::SrcAlpha, BlendFactor::OneMinusSrcAlpha );"
SkullbonezSource/Rendering/Text.cpp,848,Gfx(),render pass,"Gfx().UploadAndDrawDynamicVB( Text2d::dynamicVB, s_quadBuf, 6 );"
SkullbonezSource/Rendering/Text.cpp,850,Gfx(),render pass,Gfx().SetDepthTest( depthWasEnabled );
SkullbonezSource/Rendering/Text.cpp,851,Gfx(),render pass,Gfx().SetBlend( blendWasEnabled );
SkullbonezSource/Rendering/Text.cpp,962,Gfx(),render pass,bool depthWasEnabled = Gfx().IsDepthTestEnabled();
SkullbonezSource/Rendering/Text.cpp,963,Gfx(),render pass,bool blendWasEnabled = Gfx().IsBlendEnabled();
SkullbonezSource/Rendering/Text.cpp,965,Gfx(),render pass,Gfx().SetDepthTest( false );
SkullbonezSource/Rendering/Text.cpp,966,Gfx(),render pass,Gfx().SetBlend( true );
SkullbonezSource/Rendering/Text.cpp,967,Gfx(),render pass,"Gfx().SetBlendFunc( BlendFactor::SrcAlpha, BlendFactor::OneMinusSrcAlpha );"
SkullbonezSource/Rendering/Text.cpp,973,Gfx(),render pass,"Gfx().UploadAndDrawDynamicVB( Text2d::quadBatchVB, s_quadBatchBuf, s_quadBatchVerts );"
SkullbonezSource/Rendering/Text.cpp,975,Gfx(),render pass,Gfx().SetDepthTest( depthWasEnabled );
SkullbonezSource/Rendering/Text.cpp,976,Gfx(),render pass,Gfx().SetBlend( blendWasEnabled );
SkullbonezSource/Runtime/Camera.cpp,91,Cfg(),normal runtime path,"if ( Vector::Distance( m_position, m_view ) < Cfg().minViewMag )"
SkullbonezSource/Runtime/Camera.cpp,131,Cfg(),normal runtime path,"if ( Vector::Distance( m_position, m_view ) > Cfg().maxViewMag )"
SkullbonezSource/Runtime/Camera.cpp,244,Cfg(),normal runtime path,if ( m_position.x < m_boundary.m_xMin + Cfg().minCameraHeight )
SkullbonezSource/Runtime/Camera.cpp,246,Cfg(),normal runtime path,m_position.x = m_boundary.m_xMin + Cfg().minCameraHeight;
SkullbonezSource/Runtime/Camera.cpp,248,Cfg(),normal runtime path,else if ( m_position.x > m_boundary.m_xMax - Cfg().minCameraHeight )
SkullbonezSource/Runtime/Camera.cpp,250,Cfg(),normal runtime path,m_position.x = m_boundary.m_xMax - Cfg().minCameraHeight;
SkullbonezSource/Runtime/Camera.cpp,253,Cfg(),normal runtime path,isOnBoundX = ( ( m_position.x == m_boundary.m_xMin + Cfg().minCameraHeight ) ||
SkullbonezSource/Runtime/Camera.cpp,254,Cfg(),normal runtime path,( m_position.x == m_boundary.m_xMax - Cfg().minCameraHeight ) );
SkullbonezSource/Runtime/Camera.cpp,257,Cfg(),normal runtime path,if ( m_position.z < m_boundary.m_zMin + Cfg().minCameraHeight )
SkullbonezSource/Runtime/Camera.cpp,259,Cfg(),normal runtime path,m_position.z = m_boundary.m_zMin + Cfg().minCameraHeight;
SkullbonezSource/Runtime/Camera.cpp,261,Cfg(),normal runtime path,else if ( m_position.z > m_boundary.m_zMax - Cfg().minCameraHeight )
SkullbonezSource/Runtime/Camera.cpp,263,Cfg(),normal runtime path,m_position.z = m_boundary.m_zMax - Cfg().minCameraHeight;
SkullbonezSource/Runtime/Camera.cpp,266,Cfg(),normal runtime path,isOnBoundZ = ( ( m_position.z == m_boundary.m_zMin + Cfg().minCameraHeight ) ||
SkullbonezSource/Runtime/Camera.cpp,267,Cfg(),normal runtime path,( m_position.z == m_boundary.m_zMax - Cfg().minCameraHeight ) );
SkullbonezSource/Runtime/Camera.cpp,329,Cfg(),normal runtime path,float dxMin = positionStore.x - m_boundary.m_xMin + Cfg().minCameraHeight;
SkullbonezSource/Runtime/Camera.cpp,330,Cfg(),normal runtime path,float dxMax = m_boundary.m_xMax - Cfg().minCameraHeight - positionStore.x;
SkullbonezSource/Runtime/Camera.cpp,331,Cfg(),normal runtime path,float dzMin = positionStore.z - m_boundary.m_zMin + Cfg().minCameraHeight;
SkullbonezSource/Runtime/Camera.cpp,332,Cfg(),normal runtime path,float dzMax = m_boundary.m_zMax - Cfg().minCameraHeight - positionStore.z;
SkullbonezSource/Runtime/Camera.cpp,429,Cfg(),normal runtime path,if ( currentUpAngle - requestRadians < Cfg().cameraCollisionThreshold )
SkullbonezSource/Runtime/Camera.cpp,431,Cfg(),normal runtime path,return currentUpAngle - Cfg().cameraCollisionThreshold;
SkullbonezSource/Runtime/Camera.cpp,437,Cfg(),normal runtime path,if ( currentDownAngle + requestRadians < Cfg().cameraCollisionThreshold )
SkullbonezSource/Runtime/Camera.cpp,439,Cfg(),normal runtime path,return -( currentDownAngle - Cfg().cameraCollisionThreshold );
SkullbonezSource/Runtime/CameraCollection.cpp,55,CameraCollection::Instance(),normal runtime path,CameraCollection* CameraCollection::Instance()
SkullbonezSource/Runtime/CameraCollection.cpp,57,pInstance,normal runtime path,if ( !CameraCollection::pInstance )
SkullbonezSource/Runtime/CameraCollection.cpp,60,pInstance,normal runtime path,CameraCollection::pInstance = &instance;
SkullbonezSource/Runtime/CameraCollection.cpp,62,pInstance,normal runtime path,return CameraCollection::pInstance;
SkullbonezSource/Runtime/CameraCollection.cpp,68,pInstance,normal runtime path,if ( CameraCollection::pInstance )
SkullbonezSource/Runtime/CameraCollection.cpp,70,pInstance,normal runtime path,*CameraCollection::pInstance = CameraCollection();
SkullbonezSource/Runtime/CameraCollection.cpp,71,pInstance,normal runtime path,CameraCollection::pInstance = nullptr;
SkullbonezSource/Runtime/CameraCollection.cpp,402,Cfg(),normal runtime path,m_tweenCamera.m_position.y = terrainHeight + Cfg().minCameraHeight;
SkullbonezSource/Runtime/CameraCollection.h,53,pInstance,normal runtime path,inline static CameraCollection* pInstance = nullptr;
SkullbonezSource/Runtime/Editor/LauncherLaser.cpp,77,Gfx(),test/tool,Gfx().DestroyDynamicVB( m_dynamicVB );
SkullbonezSource/Runtime/Editor/LauncherLaser.cpp,99,CreateShaderFromActiveAssets(),test/tool,"m_shader = SkullbonezCore::Assets::CreateShaderFromActiveAssets( ""shader.launcher_laser"" );"
SkullbonezSource/Runtime/Editor/LauncherLaser.cpp,105,Gfx(),test/tool,"m_dynamicVB = Gfx().CreateDynamicVB( attribs, 2, MAX_VERTICES );"
SkullbonezSource/Runtime/Editor/LauncherLaser.cpp,385,Gfx(),test/tool,const bool depthWasEnabled = Gfx().IsDepthTestEnabled();
SkullbonezSource/Runtime/Editor/LauncherLaser.cpp,386,Gfx(),test/tool,const bool depthWriteWasEnabled = Gfx().IsDepthWriteEnabled();
SkullbonezSource/Runtime/Editor/LauncherLaser.cpp,387,Gfx(),test/tool,const bool blendWasEnabled = Gfx().IsBlendEnabled();
SkullbonezSource/Runtime/Editor/LauncherLaser.cpp,388,Gfx(),test/tool,const bool cullWasEnabled = Gfx().IsCullFaceEnabled();
SkullbonezSource/Runtime/Editor/LauncherLaser.cpp,391,Gfx(),test/tool,"Gfx().GetBlendFunc( blendSrc, blendDst );"
SkullbonezSource/Runtime/Editor/LauncherLaser.cpp,393,Gfx(),test/tool,Gfx().SetDepthTest( false );
SkullbonezSource/Runtime/Editor/LauncherLaser.cpp,394,Gfx(),test/tool,Gfx().SetDepthWrite( false );
SkullbonezSource/Runtime/Editor/LauncherLaser.cpp,395,Gfx(),test/tool,Gfx().SetBlend( true );
SkullbonezSource/Runtime/Editor/LauncherLaser.cpp,396,Gfx(),test/tool,"Gfx().SetBlendFunc( BlendFactor::SrcAlpha, BlendFactor::One );"
SkullbonezSource/Runtime/Editor/LauncherLaser.cpp,397,Gfx(),test/tool,Gfx().SetCullFace( false );
SkullbonezSource/Runtime/Editor/LauncherLaser.cpp,401,Gfx(),test/tool,"Gfx().UploadAndDrawDynamicVB( m_dynamicVB, m_vertices.data(), static_cast<int>( m_vertices.size() / 7 ) );"
SkullbonezSource/Runtime/Editor/LauncherLaser.cpp,403,Gfx(),test/tool,Gfx().SetCullFace( cullWasEnabled );
SkullbonezSource/Runtime/Editor/LauncherLaser.cpp,404,Gfx(),test/tool,"Gfx().SetBlendFunc( blendSrc, blendDst );"
SkullbonezSource/Runtime/Editor/LauncherLaser.cpp,405,Gfx(),test/tool,Gfx().SetBlend( blendWasEnabled );
SkullbonezSource/Runtime/Editor/LauncherLaser.cpp,406,Gfx(),test/tool,Gfx().SetDepthWrite( depthWriteWasEnabled );
SkullbonezSource/Runtime/Editor/LauncherLaser.cpp,407,Gfx(),test/tool,Gfx().SetDepthTest( depthWasEnabled );
SkullbonezSource/Runtime/Editor/LauncherTools.cpp,244,Cfg(),test/tool,"ProbeBoxTerrainVertices( box, pos, orientMat, *context.terrain, Cfg().contactEpsilon, false );"
SkullbonezSource/Runtime/Editor/LauncherTools.cpp,314,Cfg(),test/tool,"fprintf( f, ""cfg_friction_coeff,%.6f\n"", Cfg().frictionCoeff );"
SkullbonezSource/Runtime/Editor/LauncherTools.cpp,315,Cfg(),test/tool,"fprintf( f, ""cfg_contact_epsilon,%.6f\n"", Cfg().contactEpsilon );"
SkullbonezSource/Runtime/Editor/RunEditorTracer.inl,569,Gfx(),test/tool,"Gfx().DrawLinesColored( m_lineData.data(), static_cast<int>( m_lineData.size() / 6 ), viewProjection.Data() );"
SkullbonezSource/Runtime/Init.cpp,82,g_*,bootstrap,char g_commandLineError[512] = {};
SkullbonezSource/Runtime/Init.cpp,253,g_*,bootstrap,"vsprintf_s( g_commandLineError, sizeof( g_commandLineError ), fmt, args );"
SkullbonezSource/Runtime/Init.cpp,253,g_*,bootstrap,"vsprintf_s( g_commandLineError, sizeof( g_commandLineError ), fmt, args );"
SkullbonezSource/Runtime/Init.cpp,256,g_*,bootstrap,"fprintf( stderr, ""ERROR: %s\n"", g_commandLineError );"
SkullbonezSource/Runtime/Init.cpp,262,g_*,bootstrap,"return g_commandLineError[0] != '\0' ? g_commandLineError : ""Command line parsing failed."";"
SkullbonezSource/Runtime/Init.cpp,262,g_*,bootstrap,"return g_commandLineError[0] != '\0' ? g_commandLineError : ""Command line parsing failed."";"
SkullbonezSource/Runtime/Init.cpp,1365,Cfg(),bootstrap,Cfg().runtimeRender.vsyncEnabled = enabled;
SkullbonezSource/Runtime/Init.cpp,1468,Cfg(),bootstrap,Cfg().workerThreads = workerThreads;
SkullbonezSource/Runtime/Init.cpp,1471,Cfg(),bootstrap,"Cfg().workerThreads,"
SkullbonezSource/Runtime/Init.cpp,1472,Cfg(),bootstrap,"WorkerPool::ResolveThreadCount( Cfg().workerThreads ),"
SkullbonezSource/Runtime/Init.cpp,1486,Cfg(),bootstrap,Cfg().gameModelCapacity = capacity;
SkullbonezSource/Runtime/Init.cpp,1503,Cfg(),bootstrap,Cfg().physicsParallel = enabled;
SkullbonezSource/Runtime/Init.cpp,1504,Cfg(),bootstrap,Cfg().physicsParallelApplyForces = enabled;
SkullbonezSource/Runtime/Init.cpp,1505,Cfg(),bootstrap,Cfg().physicsParallelTornadoField = enabled;
SkullbonezSource/Runtime/Init.cpp,1506,Cfg(),bootstrap,Cfg().physicsParallelNarrowphase = enabled;
SkullbonezSource/Runtime/Init.cpp,1507,Cfg(),bootstrap,Cfg().physicsParallelTerrainDetect = enabled;
SkullbonezSource/Runtime/Init.cpp,1508,Cfg(),bootstrap,Cfg().physicsParallelIntegrate = enabled;
SkullbonezSource/Runtime/Init.cpp,1524,Cfg(),bootstrap,Cfg().shadowParallelPrep = enabled;
SkullbonezSource/Runtime/Init.cpp,2241,Cfg(),bootstrap,"Cfg().Load( ( std::string( DATA_ROOT ) + ""engine.cfg"" ).c_str() );"
SkullbonezSource/Runtime/Init.cpp,2407,Cfg(),bootstrap,Cfg().Dump( stdout );
SkullbonezSource/Runtime/Init.cpp,2748,WorkerPool::Instance(),bootstrap,WorkerPool::Instance().Initialise( Cfg().workerThreads );
SkullbonezSource/Runtime/Init.cpp,2748,Cfg(),bootstrap,WorkerPool::Instance().Initialise( Cfg().workerThreads );
SkullbonezSource/Runtime/Init.cpp,2752,WorkerPool::Instance(),bootstrap,WorkerPool::Instance().Shutdown();
SkullbonezSource/Runtime/Init.cpp,2757,Window::Instance(),bootstrap,Window* window = Window::Instance();
SkullbonezSource/Runtime/Init.cpp,2758,Cfg(),bootstrap,"window->CreateAppWindow( hInstance, Cfg().window.fullscreen );"
SkullbonezSource/Runtime/Init.cpp,2766,WorkerPool::Instance(),bootstrap,WorkerPool::Instance().Shutdown();
SkullbonezSource/Runtime/Input.cpp,49,g_*,OS callback bridge,int g_mouseWheelDelta = 0;
SkullbonezSource/Runtime/Input.cpp,53,g_*,OS callback bridge,bool g_systemCursorVisibleRequested = false;
SkullbonezSource/Runtime/Input.cpp,59,g_*,OS callback bridge,long g_rawMouseDeltaX = 0;
SkullbonezSource/Runtime/Input.cpp,60,g_*,OS callback bridge,long g_rawMouseDeltaY = 0;
SkullbonezSource/Runtime/Input.cpp,61,g_*,OS callback bridge,bool g_rawMouseHasAbsolutePosition = false;
SkullbonezSource/Runtime/Input.cpp,62,g_*,OS callback bridge,long g_rawMouseLastAbsoluteX = 0;
SkullbonezSource/Runtime/Input.cpp,63,g_*,OS callback bridge,long g_rawMouseLastAbsoluteY = 0;
SkullbonezSource/Runtime/Input.cpp,68,g_*,OS callback bridge,Input::AutomationState g_automationState;
SkullbonezSource/Runtime/Input.cpp,135,Window::Instance(),OS callback bridge,Window* window = Window::Instance();
SkullbonezSource/Runtime/Input.cpp,147,g_*,OS callback bridge,g_systemCursorVisibleRequested = visible;
SkullbonezSource/Runtime/Input.cpp,163,g_*,OS callback bridge,return g_systemCursorVisibleRequested;
SkullbonezSource/Runtime/Input.cpp,287,g_*,OS callback bridge,if ( g_rawMouseHasAbsolutePosition )
SkullbonezSource/Runtime/Input.cpp,289,g_*,OS callback bridge,g_rawMouseDeltaX += currentX - g_rawMouseLastAbsoluteX;
SkullbonezSource/Runtime/Input.cpp,289,g_*,OS callback bridge,g_rawMouseDeltaX += currentX - g_rawMouseLastAbsoluteX;
SkullbonezSource/Runtime/Input.cpp,290,g_*,OS callback bridge,g_rawMouseDeltaY += currentY - g_rawMouseLastAbsoluteY;
SkullbonezSource/Runtime/Input.cpp,290,g_*,OS callback bridge,g_rawMouseDeltaY += currentY - g_rawMouseLastAbsoluteY;
SkullbonezSource/Runtime/Input.cpp,292,g_*,OS callback bridge,g_rawMouseLastAbsoluteX = currentX;
SkullbonezSource/Runtime/Input.cpp,293,g_*,OS callback bridge,g_rawMouseLastAbsoluteY = currentY;
SkullbonezSource/Runtime/Input.cpp,294,g_*,OS callback bridge,g_rawMouseHasAbsolutePosition = true;
SkullbonezSource/Runtime/Input.cpp,298,g_*,OS callback bridge,g_rawMouseDeltaX += mouse.lLastX;
SkullbonezSource/Runtime/Input.cpp,299,g_*,OS callback bridge,g_rawMouseDeltaY += mouse.lLastY;
SkullbonezSource/Runtime/Input.cpp,300,g_*,OS callback bridge,g_rawMouseHasAbsolutePosition = false;
SkullbonezSource/Runtime/Input.cpp,315,g_*,OS callback bridge,xMove = g_rawMouseDeltaX;
SkullbonezSource/Runtime/Input.cpp,316,g_*,OS callback bridge,yMove = g_rawMouseDeltaY;
SkullbonezSource/Runtime/Input.cpp,317,g_*,OS callback bridge,g_rawMouseDeltaX = 0;
SkullbonezSource/Runtime/Input.cpp,318,g_*,OS callback bridge,g_rawMouseDeltaY = 0;
SkullbonezSource/Runtime/Input.cpp,325,g_*,OS callback bridge,g_rawMouseDeltaX = 0;
SkullbonezSource/Runtime/Input.cpp,326,g_*,OS callback bridge,g_rawMouseDeltaY = 0;
SkullbonezSource/Runtime/Input.cpp,327,g_*,OS callback bridge,g_rawMouseHasAbsolutePosition = false;
SkullbonezSource/Runtime/Input.cpp,328,g_*,OS callback bridge,g_rawMouseLastAbsoluteX = 0;
SkullbonezSource/Runtime/Input.cpp,329,g_*,OS callback bridge,g_rawMouseLastAbsoluteY = 0;
SkullbonezSource/Runtime/Input.cpp,347,g_*,OS callback bridge,if ( g_automationState.enabled && g_automationState.hasMouseClientPosition )
SkullbonezSource/Runtime/Input.cpp,347,g_*,OS callback bridge,if ( g_automationState.enabled && g_automationState.hasMouseClientPosition )
SkullbonezSource/Runtime/Input.cpp,349,g_*,OS callback bridge,return g_automationState.mouseClientPosition;
SkullbonezSource/Runtime/Input.cpp,353,Window::Instance(),OS callback bridge,Window* m_cWindow = Window::Instance();
SkullbonezSource/Runtime/Input.cpp,380,g_*,OS callback bridge,if ( g_automationState.enabled )
SkullbonezSource/Runtime/Input.cpp,382,g_*,OS callback bridge,return g_automationState.leftMouseDown;
SkullbonezSource/Runtime/Input.cpp,396,g_*,OS callback bridge,if ( g_automationState.enabled )
SkullbonezSource/Runtime/Input.cpp,398,g_*,OS callback bridge,return g_automationState.rightMouseDown;
SkullbonezSource/Runtime/Input.cpp,425,g_*,OS callback bridge,g_mouseWheelDelta = 0;
SkullbonezSource/Runtime/Input.cpp,429,g_*,OS callback bridge,const int delta = g_mouseWheelDelta;
SkullbonezSource/Runtime/Input.cpp,430,g_*,OS callback bridge,g_mouseWheelDelta = 0;
SkullbonezSource/Runtime/Input.cpp,442,g_*,OS callback bridge,g_mouseWheelDelta += delta;
SkullbonezSource/Runtime/Input.cpp,453,Window::Instance(),OS callback bridge,Window* m_cWindow = Window::Instance();
SkullbonezSource/Runtime/Input.cpp,469,g_*,OS callback bridge,g_automationState = state;
SkullbonezSource/Runtime/Input.cpp,475,g_*,OS callback bridge,g_automationState = AutomationState{};
SkullbonezSource/Runtime/Render/RuntimeRenderHost.cpp,51,Cfg(),render pass,"return RunInternal::RuntimeActiveCinematicConfig( m_sceneController.State(), Cfg() );"
SkullbonezSource/Runtime/Render/RuntimeRenderHost.cpp,57,Cfg(),render pass,"Cfg(),"
SkullbonezSource/Runtime/Render/RuntimeRenderHost.cpp,91,Cfg(),render pass,"return RunInternal::RuntimeWindowScreenWidth( m_systems, Cfg() );"
SkullbonezSource/Runtime/Render/RuntimeRenderHost.cpp,96,Cfg(),render pass,"return RunInternal::RuntimeWindowScreenHeight( m_systems, Cfg() );"
SkullbonezSource/Runtime/Replay/RunReplayCauseTreeTools.inl,140,Cfg(),normal runtime path,"const int screenW = RuntimeWindowScreenWidth( m_systems, Cfg() );"
SkullbonezSource/Runtime/Replay/RunReplayCauseTreeTools.inl,141,Cfg(),normal runtime path,"const int screenH = RuntimeWindowScreenHeight( m_systems, Cfg() );"
SkullbonezSource/Runtime/Replay/RunReplayPredictionHelpers.inl,1087,WorkerPool::Instance(),normal runtime path,SkullbonezCore::Threading::WorkerPool::Instance().ParallelFor(
SkullbonezSource/Runtime/Replay/RunReplayPredictionHelpers.inl,1169,WorkerPool::Instance(),normal runtime path,SkullbonezCore::Threading::WorkerPool::Instance().ParallelFor(
SkullbonezSource/Runtime/Replay/RunReplayScrubberTools.inl,246,Cfg(),normal runtime path,"const int screenW = RuntimeWindowScreenWidth( m_systems, Cfg() );"
SkullbonezSource/Runtime/Replay/RunReplayScrubberTools.inl,247,Cfg(),normal runtime path,"const int screenH = RuntimeWindowScreenHeight( m_systems, Cfg() );"
SkullbonezSource/Runtime/Replay/RunReplayVelocityEdit.inl,248,Cfg(),normal runtime path,"!SceneState().isScenePhysics || RuntimeWindowScreenWidth( m_systems, Cfg() ) <= 0 ||"
SkullbonezSource/Runtime/Replay/RunReplayVelocityEdit.inl,249,Cfg(),normal runtime path,"RuntimeWindowScreenHeight( m_systems, Cfg() ) <= 0 )"
SkullbonezSource/Runtime/Run.cpp,157,Cfg(),normal runtime path,m_runtimeSettings.isVsyncEnabled = Cfg().runtimeRender.vsyncEnabled;
SkullbonezSource/Runtime/Run.cpp,158,Cfg(),normal runtime path,m_runtimeSettings.isPipelineSyncEnabled = Cfg().runtimeRender.forcePipelineSync;
SkullbonezSource/Runtime/Run.cpp,159,Cfg(),normal runtime path,m_defaultCinematicRender = Cfg().cinematicRender;
SkullbonezSource/Runtime/Run.cpp,161,Cfg(),normal runtime path,m_startup.workerThreads = Cfg().workerThreads;
SkullbonezSource/Runtime/Run.cpp,246,Gfx(),normal runtime path,Gfx().FlushGPU();
SkullbonezSource/Runtime/Run.cpp,326,Gfx(),normal runtime path,renderResources = &static_cast<SkullbonezCore::Rendering::IRenderResourceFactory&>( Gfx() );
SkullbonezSource/Runtime/Run.cpp,333,Profiler::Instance(),normal runtime path,Profiler::Instance().InvalidateGpuQueries();
SkullbonezSource/Runtime/Run.cpp,362,Gfx(),normal runtime path,Gfx().FlushGPU();
SkullbonezSource/Runtime/Run.cpp,370,Cfg(),normal runtime path,const EngineConfig& cfg = Cfg();
SkullbonezSource/Runtime/Run.cpp,512,Gfx(),normal runtime path,const int backendWidth = gfxReady ? Gfx().GetWidth() : 0;
SkullbonezSource/Runtime/Run.cpp,513,Gfx(),normal runtime path,const int backendHeight = gfxReady ? Gfx().GetHeight() : 0;
SkullbonezSource/Runtime/Run.cpp,1181,Window::Instance(),normal runtime path,m_systems.window = Window::Instance();
SkullbonezSource/Runtime/Run.cpp,1183,Gfx(),normal runtime path,const char* rendererName = Gfx().GetRendererName();
SkullbonezSource/Runtime/Run.cpp,1188,TextureCollection::Instance(),normal runtime path,m_systems.textures = TextureCollection::Instance();
SkullbonezSource/Runtime/Run.cpp,1197,Cfg(),normal runtime path,"ResolveSourceAssetPath( SkullbonezCore::Assets::AssetKind::Terrain, ""terrain.raw"", Cfg().terrainRaw );"
SkullbonezSource/Runtime/Run.cpp,1202,SkyBox::Instance(),normal runtime path,"m_systems.skyBox = SkyBox::Instance( -250, 300, -300, 300, -250, 300 );"
SkullbonezSource/Runtime/Run.cpp,1206,Cfg(),normal runtime path,const EngineConfig& cfg = Cfg();
SkullbonezSource/Runtime/Run.cpp,1216,CameraCollection::Instance(),normal runtime path,m_systems.cameras = CameraCollection::Instance();
SkullbonezSource/Runtime/Run.cpp,1285,Gfx(),normal runtime path,"IsGfxReady() ? Gfx().GetRendererName() : ""unknown"","
SkullbonezSource/Runtime/Run.cpp,1294,Cfg(),normal runtime path,"Cfg(),"
SkullbonezSource/Runtime/Run.cpp,1296,Gfx(),normal runtime path,"IsGfxReady() ? Gfx().GetRendererName() : ""unknown"" );"
SkullbonezSource/Runtime/RunFrame.cpp,354,Gfx(),normal runtime path,IRenderBackend& frameRenderBackend = Gfx();
SkullbonezSource/Runtime/RunFrame.cpp,475,Profiler::Instance(),normal runtime path,m_timers.physicsTime = Profiler::Instance().LastFrameMsByHash( kPhysicsHash ) * 0.001f;
SkullbonezSource/Runtime/RunFrame.cpp,476,Profiler::Instance(),normal runtime path,m_timers.renderTime = Profiler::Instance().LastFrameMsByHash( kRenderHash ) * 0.001f;
SkullbonezSource/Runtime/RunFrame.cpp,495,Profiler::Instance(),normal runtime path,gpuMs += Profiler::Instance().LastGpuFrameMsByHash( h );
SkullbonezSource/Runtime/RunFrame.cpp,1735,Cfg(),normal runtime path,"Cfg(),"
SkullbonezSource/Runtime/RunFrame.cpp,1748,Cfg(),normal runtime path,"Cfg(),"
SkullbonezSource/Runtime/RunFrame.cpp,2263,Cfg(),normal runtime path,"RuntimeActiveCinematicConfig( SceneState(), Cfg() ),"
SkullbonezSource/Runtime/RunFrame.cpp,2414,Cfg(),normal runtime path,"RuntimeActiveCinematicConfig( SceneState(), Cfg() ),"
SkullbonezSource/Runtime/RunFrame.cpp,2581,Cfg(),normal runtime path,"MoveCamera( cameraDt * Cfg().keySpeed, CAMERA_MOUSE_REFERENCE_DT * Cfg().mouseSensitivity );"
SkullbonezSource/Runtime/RunFrame.cpp,2581,Cfg(),normal runtime path,"MoveCamera( cameraDt * Cfg().keySpeed, CAMERA_MOUSE_REFERENCE_DT * Cfg().mouseSensitivity );"
SkullbonezSource/Runtime/RunFrame.cpp,2589,Cfg(),normal runtime path,m_systems.cameras->SetTweenSpeed( Cfg().cameraTweenRate * cameraDt );
SkullbonezSource/Runtime/RunInput.cpp,1482,Cfg(),normal runtime path,m_camera.input.xMove * CAMERA_MOUSE_REFERENCE_DT * Cfg().mouseSensitivity );
SkullbonezSource/Runtime/RunInput.cpp,1485,Cfg(),normal runtime path,m_camera.input.yMove * CAMERA_MOUSE_REFERENCE_DT * Cfg().mouseSensitivity );
SkullbonezSource/Runtime/RunInput.cpp,1979,Gfx(),normal runtime path,"IsGfxReady() ? Gfx().GetRendererName() : ""DirectX 12"","
SkullbonezSource/Runtime/RunInput.cpp,2078,Gfx(),normal runtime path,if ( Gfx().GetCapabilities().supportsDxrReflection )
SkullbonezSource/Runtime/RunInput.cpp,2271,Cfg(),normal runtime path,"RuntimeActiveCinematicConfig( SceneState(), Cfg() ),"
SkullbonezSource/Runtime/RunInput.cpp,2408,Gfx(),normal runtime path,Gfx().SetVsyncEnabled( m_runtimeSettings.isVsyncEnabled );
SkullbonezSource/Runtime/RunInput.cpp,2655,Cfg(),normal runtime path,"if ( RuntimeCinematicRenderingEnabled( SceneState(), Cfg(), m_launchOptions, m_debug, IsGfxReady() ) )"
SkullbonezSource/Runtime/RunInput.cpp,2657,Cfg(),normal runtime path,"const bool shadowsActive = RuntimeActiveCinematicConfig( SceneState(), Cfg() ).shadowsEnabled;"
SkullbonezSource/Runtime/RunInput.cpp,2659,Cfg(),normal runtime path,"SetCinematicShadowsEnabledFromUI( RuntimeActiveCinematicConfig( SceneState(), Cfg() ),"
SkullbonezSource/Runtime/RunInput.cpp,2665,Cfg(),normal runtime path,Cfg().ordinaryRender.shadowsEnabled = !Cfg().ordinaryRender.shadowsEnabled;
SkullbonezSource/Runtime/RunInput.cpp,2665,Cfg(),normal runtime path,Cfg().ordinaryRender.shadowsEnabled = !Cfg().ordinaryRender.shadowsEnabled;
SkullbonezSource/Runtime/RunInput.cpp,2671,Cfg(),normal runtime path,Cfg().ordinaryRender.shadowsEnabled = !Cfg().ordinaryRender.shadowsEnabled;
SkullbonezSource/Runtime/RunInput.cpp,2671,Cfg(),normal runtime path,Cfg().ordinaryRender.shadowsEnabled = !Cfg().ordinaryRender.shadowsEnabled;
SkullbonezSource/Runtime/RunInput.cpp,2681,Cfg(),normal runtime path,"ApplyOrdinaryRenderUIParam( Cfg().ordinaryRender,"
SkullbonezSource/Runtime/RunInput.cpp,2767,Cfg(),normal runtime path,"Cfg(),"
SkullbonezSource/Runtime/RunInput.cpp,2773,Gfx(),normal runtime path,"IsGfxReady() ? &Gfx() : nullptr,"
SkullbonezSource/Runtime/RunInput.cpp,2847,Cfg(),normal runtime path,"CinematicRenderConfig& cinematic = RuntimeActiveCinematicConfig( SceneState(), Cfg() );"
SkullbonezSource/Runtime/RunInput.cpp,2876,Cfg(),normal runtime path,"RuntimeActiveCinematicConfig( SceneState(), Cfg() ),"
SkullbonezSource/Runtime/RunInput.cpp,2883,Cfg(),normal runtime path,"CinematicRenderConfig& cinematic = RuntimeActiveCinematicConfig( SceneState(), Cfg() );"
SkullbonezSource/Runtime/RunInput.cpp,2894,Cfg(),normal runtime path,"CinematicRenderConfig& cinematic = RuntimeActiveCinematicConfig( SceneState(), Cfg() );"
SkullbonezSource/Runtime/RunInput.cpp,3103,Cfg(),normal runtime path,"RuntimeActiveCinematicConfig( SceneState(), Cfg() ),"
SkullbonezSource/Runtime/RunInput.cpp,3147,Cfg(),normal runtime path,SaveRenderDefaults( Cfg().ordinaryRender );
SkullbonezSource/Runtime/RunInput.cpp,3150,Cfg(),normal runtime path,"SaveSkyDefaults( RuntimeActiveCinematicConfig( SceneState(), Cfg() ) );"
SkullbonezSource/Runtime/RunInput.cpp,3236,Cfg(),normal runtime path,Cfg().minCameraHeight;
SkullbonezSource/Runtime/RunInput.cpp,3241,Cfg(),normal runtime path,else if ( translatedCameraPosition.y > Cfg().maxCameraHeight )
SkullbonezSource/Runtime/RunInput.cpp,3243,Cfg(),normal runtime path,m_systems.cameras->AmmendPrimaryY( Cfg().maxCameraHeight );
SkullbonezSource/Runtime/RunInteractionAutomation.cpp,723,Cfg(),test/tool,"const int screenW = RuntimeWindowScreenWidth( m_systems, Cfg() );"
SkullbonezSource/Runtime/RunInteractionAutomation.cpp,724,Cfg(),test/tool,"const int screenH = RuntimeWindowScreenHeight( m_systems, Cfg() );"
SkullbonezSource/Runtime/RunLiveStyle.cpp,266,Cfg(),normal runtime path,"RuntimeActiveCinematicConfig( SceneState(), Cfg() ),"
SkullbonezSource/Runtime/RunPasses.cpp,277,Cfg(),render pass,"shader.SetVec4( ""uDepthParams"", Cfg().frustumNear, Cfg().frustumFar, 0.0f, 0.0f );"
SkullbonezSource/Runtime/RunPasses.cpp,277,Cfg(),render pass,"shader.SetVec4( ""uDepthParams"", Cfg().frustumNear, Cfg().frustumFar, 0.0f, 0.0f );"
SkullbonezSource/Runtime/RunPasses.cpp,308,Cfg(),render pass,"shader.SetVec4( ""uDepthParams"", Cfg().frustumNear, Cfg().frustumFar, 0.0f, 0.0f );"
SkullbonezSource/Runtime/RunPasses.cpp,308,Cfg(),render pass,"shader.SetVec4( ""uDepthParams"", Cfg().frustumNear, Cfg().frustumFar, 0.0f, 0.0f );"
SkullbonezSource/Runtime/RunPasses.cpp,897,Cfg(),render pass,"Matrix4 skyView = view * Matrix4::Translate( frame.eye.x, Cfg().skyboxRenderHeight, frame.eye.z ) *"
SkullbonezSource/Runtime/RunPasses.cpp,898,Cfg(),render pass,Matrix4::Scale( Cfg().skyboxScale );
SkullbonezSource/Runtime/RunRender.cpp,1038,Cfg(),render pass,const OrdinaryRenderConfig& ordinaryRender = Cfg().ordinaryRender;
SkullbonezSource/Runtime/RunRender.cpp,1386,Gfx(),render pass,IRenderBackend& renderBackend = Gfx();
SkullbonezSource/Runtime/RunRender.cpp,1394,GfxRayTracing(),render pass,IsGfxRayTracingReady() ? &GfxRayTracing() : nullptr;
SkullbonezSource/Runtime/RunRender.cpp,1549,Cfg(),render pass,Cfg().minCameraHeight;
SkullbonezSource/Runtime/RunRender.cpp,1550,Cfg(),render pass,"m_systems.cameras->RelativeUpdate( hash, minY, Cfg().maxCameraHeight );"
SkullbonezSource/Runtime/RunStress.cpp,92,Cfg(),test/tool,"Cfg(),"
SkullbonezSource/Runtime/RunStress.cpp,98,Gfx(),test/tool,"IsGfxReady() ? &Gfx() : nullptr,"
SkullbonezSource/Runtime/RunStress.cpp,166,Gfx(),test/tool,Gfx().SetVsyncEnabled( m_runtimeSettings.isVsyncEnabled );
SkullbonezSource/Runtime/RuntimeDiagnostics.cpp,336,Profiler::Instance(),diagnostics,Profiler::Instance().WritePerfCSVHeader( perfLog.perfLogFile );
SkullbonezSource/Runtime/RuntimeDiagnostics.cpp,339,Profiler::Instance(),diagnostics,"Profiler::Instance().WritePerfCSVRow( perfLog.perfLogFile, context.pass, context.frame );"
SkullbonezSource/Runtime/RuntimeTuning.cpp,201,WorkerPool::Instance(),normal runtime path,SkullbonezCore::Threading::WorkerPool& workerPool = SkullbonezCore::Threading::WorkerPool::Instance();
SkullbonezSource/Runtime/RuntimeTuning.cpp,203,Cfg(),normal runtime path,Cfg().workerThreads = clampedWorkerThreads;
SkullbonezSource/Runtime/RunUiTextPass.cpp,266,WorkerPool::Instance(),render pass,UIData.workerThreadCount = SkullbonezCore::Threading::WorkerPool::Instance().GetThreadCount();
SkullbonezSource/Runtime/RunUiTextPass.cpp,351,Cfg(),render pass,UIData.ordinaryRender = Cfg().ordinaryRender;
SkullbonezSource/Runtime/RunUiTextPass.cpp,532,Profiler::Instance(),render pass,"Profiler::Instance().RenderBarOverlay( panX, panY, panW, panH, absolute );"
SkullbonezSource/Runtime/RunUiTextPass.cpp,640,Profiler::Instance(),render pass,"Profiler::Instance().RenderOverlay( -( hw - mX ),"
SkullbonezSource/Runtime/Scene/RunScene.cpp,59,WorkerPool::Instance(),normal runtime path,SkullbonezCore::Threading::WorkerPool& workerPool = SkullbonezCore::Threading::WorkerPool::Instance();
SkullbonezSource/Runtime/Scene/RunScene.cpp,61,Cfg(),normal runtime path,Cfg().workerThreads = clampedWorkerThreads;
SkullbonezSource/Runtime/Scene/RunScene.cpp,423,Cfg(),normal runtime path,"Cfg().contactEpsilon + 0.25f,"
SkullbonezSource/Runtime/Scene/RunScene.cpp,560,Gfx(),normal runtime path,"IsGfxReady() ? &Gfx() : nullptr,"
SkullbonezSource/Runtime/Scene/RunScene.cpp,581,Cfg(),normal runtime path,SceneState().ResetForLoad( Cfg().cinematicRender );
SkullbonezSource/Runtime/Scene/RunScene.cpp,585,Cfg(),normal runtime path,m_runtimeSettings.isVsyncEnabled = Cfg().runtimeRender.vsyncEnabled;
SkullbonezSource/Runtime/Scene/RunScene.cpp,586,Cfg(),normal runtime path,m_runtimeSettings.isPipelineSyncEnabled = Cfg().runtimeRender.forcePipelineSync;
SkullbonezSource/Runtime/Scene/RunScene.cpp,663,Cfg(),normal runtime path,Cfg().gameModelCapacity = m_startup.gameModelCapacity;
SkullbonezSource/Runtime/Scene/RunScene.cpp,674,Cfg(),normal runtime path,"ResolveSourceAssetPath( SkullbonezCore::Assets::AssetKind::Terrain, ""terrain.raw"", Cfg().terrainRaw ),"
SkullbonezSource/Runtime/Scene/RunScene.cpp,675,Gfx(),normal runtime path,IsGfxReady() ? &Gfx() : nullptr );
SkullbonezSource/Runtime/Scene/RunScene.cpp,676,Cfg(),normal runtime path,"ApplyConfiguredWorldEnvironment( m_cWorldEnvironment, Cfg(), m_systems.terrain.get() );"
SkullbonezSource/Runtime/Scene/RunScene.cpp,693,Cfg(),normal runtime path,"Cfg(),"
SkullbonezSource/Runtime/Scene/RunScene.cpp,711,Cfg(),normal runtime path,"RuntimeActiveCinematicConfig( SceneState(), Cfg() ),"
SkullbonezSource/Runtime/Scene/RunScene.cpp,713,Gfx(),normal runtime path,const char* rendererName = Gfx().GetRendererName();
SkullbonezSource/Runtime/Scene/RunScene.cpp,727,Cfg(),normal runtime path,Cfg().gameModelCapacity =
SkullbonezSource/Runtime/Scene/RunScene.cpp,772,Cfg(),normal runtime path,SceneState().cinematicRender = Cfg().cinematicRender;
SkullbonezSource/Runtime/Scene/RunScene.cpp,822,Gfx(),normal runtime path,IsGfxReady() ? &Gfx() : nullptr );
SkullbonezSource/Runtime/Scene/RunScene.cpp,830,Cfg(),normal runtime path,"ResolveSourceAssetPath( SkullbonezCore::Assets::AssetKind::Terrain, ""terrain.raw"", Cfg().terrainRaw ),"
SkullbonezSource/Runtime/Scene/RunScene.cpp,831,Gfx(),normal runtime path,IsGfxReady() ? &Gfx() : nullptr );
SkullbonezSource/Runtime/Scene/RunScene.cpp,834,Cfg(),normal runtime path,"ApplyConfiguredWorldEnvironment( m_cWorldEnvironment, Cfg(), m_systems.terrain.get() );"
SkullbonezSource/Runtime/Scene/RunScene.cpp,840,Cfg(),normal runtime path,"Cfg().gasDensity,"
SkullbonezSource/Runtime/Scene/RunScene.cpp,862,Cfg(),normal runtime path,"Cfg(),"
SkullbonezSource/Runtime/Scene/RunScene.cpp,906,Gfx(),normal runtime path,const char* rendererName = Gfx().GetRendererName();
SkullbonezSource/Runtime/Scene/RunScene.cpp,969,Cfg(),normal runtime path,"RuntimeActiveCinematicConfig( SceneState(), Cfg() ) );"
SkullbonezSource/Runtime/Scene/RunScene.cpp,1015,Cfg(),normal runtime path,"RuntimeActiveCinematicConfig( SceneState(), Cfg() ).shadowsEnabled = m_launchOptions.cinematicShadows;"
SkullbonezSource/Runtime/Scene/RunScene.cpp,1041,Gfx(),normal runtime path,"IsGfxReady() ? Gfx().GetRendererName() : ""unknown"","
SkullbonezSource/Runtime/Scene/RunScene.cpp,1055,Gfx(),normal runtime path,Gfx().SetVsyncEnabled( m_runtimeSettings.isVsyncEnabled );
SkullbonezSource/Runtime/Scene/RunScene.cpp,1067,Gfx(),normal runtime path,const auto renderCapabilities = Gfx().GetCapabilities();
SkullbonezSource/Runtime/Scene/RunScene.cpp,1075,GfxRayTracing(),normal runtime path,auto& rayTracing = GfxRayTracing();
SkullbonezSource/Runtime/Scene/SceneAuthoredSetup.cpp,215,CameraCollection::Instance(),normal runtime path,context.cameras = Environment::CameraCollection::Instance();
SkullbonezSource/Runtime/Scene/SceneGeneratedSetup.cpp,62,CameraCollection::Instance(),normal runtime path,context.cameras = Environment::CameraCollection::Instance();
SkullbonezSource/Runtime/Window.cpp,56,Window::Instance(),OS callback bridge,Window* Window::Instance()
SkullbonezSource/Runtime/Window.cpp,58,pInstance,OS callback bridge,if ( !Window::pInstance )
SkullbonezSource/Runtime/Window.cpp,61,pInstance,OS callback bridge,Window::pInstance = &instance;
SkullbonezSource/Runtime/Window.cpp,63,pInstance,OS callback bridge,return Window::pInstance;
SkullbonezSource/Runtime/Window.cpp,69,pInstance,OS callback bridge,Window::pInstance = nullptr;
SkullbonezSource/Runtime/Window.cpp,89,Window::Instance(),OS callback bridge,Window* cWindow = Window::Instance();
SkullbonezSource/Runtime/Window.cpp,100,Gfx(),OS callback bridge,"Gfx().Resize( w, h );"
SkullbonezSource/Runtime/Window.cpp,110,Cfg(),OS callback bridge,"Math::Transformation::Matrix4::PerspectiveZeroToOne( 45.0f, aspect, Cfg().frustumNear, Cfg().frustumFar );"
SkullbonezSource/Runtime/Window.cpp,110,Cfg(),OS callback bridge,"Math::Transformation::Matrix4::PerspectiveZeroToOne( 45.0f, aspect, Cfg().frustumNear, Cfg().frustumFar );"
SkullbonezSource/Runtime/Window.cpp,145,Window::Instance(),OS callback bridge,Window* m_cWindow = Window::Instance();
SkullbonezSource/Runtime/Window.cpp,263,Cfg(),OS callback bridge,"ChangeToFullScreen( Cfg().window.screenX, Cfg().window.screenY );"
SkullbonezSource/Runtime/Window.cpp,263,Cfg(),OS callback bridge,"ChangeToFullScreen( Cfg().window.screenX, Cfg().window.screenY );"
SkullbonezSource/Runtime/Window.cpp,274,Cfg(),OS callback bridge,const int windowW = Cfg().window.screenX;
SkullbonezSource/Runtime/Window.cpp,275,Cfg(),OS callback bridge,const int windowH = Cfg().window.screenY;
SkullbonezSource/Runtime/Window.h,47,pInstance,OS callback bridge,inline static Window* pInstance = nullptr;
SkullbonezSource/UI/UI.cpp,594,CreateShaderFromActiveAssets(),render pass,"shader = SkullbonezCore::Assets::CreateShaderFromActiveAssets( ""shader.ui_render_target_preview"" );"
SkullbonezSource/UI/UI.cpp,602,Gfx(),render pass,"dynamicVB = Gfx().CreateDynamicVB( attribs, 2, 6 );"
SkullbonezSource/UI/UI.cpp,613,Gfx(),render pass,Gfx().DestroyDynamicVB( dynamicVB );
SkullbonezSource/UI/UI.cpp,657,Gfx(),render pass,const bool depthTestWasEnabled = Gfx().IsDepthTestEnabled();
SkullbonezSource/UI/UI.cpp,658,Gfx(),render pass,const bool depthWriteWasEnabled = Gfx().IsDepthWriteEnabled();
SkullbonezSource/UI/UI.cpp,659,Gfx(),render pass,const bool blendWasEnabled = Gfx().IsBlendEnabled();
SkullbonezSource/UI/UI.cpp,662,Gfx(),render pass,"Gfx().GetBlendFunc( blendSrc, blendDst );"
SkullbonezSource/UI/UI.cpp,665,Gfx(),render pass,Gfx().SetDepthTest( false );
SkullbonezSource/UI/UI.cpp,666,Gfx(),render pass,Gfx().SetDepthWrite( false );
SkullbonezSource/UI/UI.cpp,667,Gfx(),render pass,Gfx().SetBlend( false );
SkullbonezSource/UI/UI.cpp,672,Gfx(),render pass,"Gfx().BindTexture( resource.textureHandle, 0 );"
SkullbonezSource/UI/UI.cpp,675,Gfx(),render pass,"Gfx().UploadAndDrawDynamicVB( dynamicVB, verts, 6 );"
SkullbonezSource/UI/UI.cpp,677,Gfx(),render pass,"Gfx().BindTexture( 0, 0 );"
SkullbonezSource/UI/UI.cpp,678,Gfx(),render pass,Gfx().SetDepthWrite( depthWriteWasEnabled );
SkullbonezSource/UI/UI.cpp,679,Gfx(),render pass,Gfx().SetDepthTest( depthTestWasEnabled );
SkullbonezSource/UI/UI.cpp,680,Gfx(),render pass,"Gfx().SetBlendFunc( blendSrc, blendDst );"
SkullbonezSource/UI/UI.cpp,681,Gfx(),render pass,Gfx().SetBlend( blendWasEnabled );
SkullbonezSource/UI/UITabProfiler.cpp,161,Gfx(),diagnostics,return SkullbonezCore::Rendering::Gfx().GetFrameDrawCallTrace();
SkullbonezSource/UI/UITabProfiler.cpp,243,Profiler::Instance(),diagnostics,const SkullbonezCore::Basics::Profiler& profiler = SkullbonezCore::Basics::Profiler::Instance();
SkullbonezSource/UI/UITabProfiler.cpp,299,Profiler::Instance(),diagnostics,const SkullbonezCore::Basics::Profiler& profiler = SkullbonezCore::Basics::Profiler::Instance();
SkullbonezSource/UI/UITabProfiler.cpp,435,Profiler::Instance(),diagnostics,const Profiler& profiler = Profiler::Instance();
SkullbonezSource/UI/UITabProfiler.cpp,484,Profiler::Instance(),diagnostics,const Profiler& profiler = Profiler::Instance();
SkullbonezSource/UI/UITabProfiler.cpp,571,Profiler::Instance(),diagnostics,const Profiler& profiler = Profiler::Instance();
SkullbonezSource/UI/UITabProfiler.cpp,1002,Profiler::Instance(),diagnostics,const Profiler& profiler = Profiler::Instance();
SkullbonezSource/World/SkyBox.cpp,51,TextureCollection::Instance(),render pass,m_textures = TextureCollection::Instance();
SkullbonezSource/World/SkyBox.cpp,52,Cfg(),render pass,const SkullbonezCore::Basics::EngineConfig& cfg = Cfg();
SkullbonezSource/World/SkyBox.cpp,65,Cfg(),render pass,const int overflow = Cfg().skyboxOverflow;
SkullbonezSource/World/SkyBox.cpp,124,Gfx(),render pass,"m_faceMeshes[i] = Gfx().CreateMesh( faceData[i], 6, false, true );"
SkullbonezSource/World/SkyBox.cpp,127,CreateShaderFromActiveAssets(),render pass,"m_shader = SkullbonezCore::Assets::CreateShaderFromActiveAssets( ""shader.unlit_textured"" );"
SkullbonezSource/World/SkyBox.cpp,134,SkyBox::Instance(),render pass,"SkyBox* SkyBox::Instance( int m_xMin, int m_xMax, int yMin, int yMax, int m_zMin, int m_zMax )"
SkullbonezSource/World/SkyBox.cpp,136,pInstance,render pass,if ( !SkyBox::pInstance )
SkullbonezSource/World/SkyBox.cpp,139,pInstance,render pass,SkyBox::pInstance = &instance;
SkullbonezSource/World/SkyBox.cpp,141,pInstance,render pass,return SkyBox::pInstance;
SkullbonezSource/World/SkyBox.cpp,147,pInstance,render pass,if ( SkyBox::pInstance )
SkullbonezSource/World/SkyBox.cpp,151,pInstance,render pass,SkyBox::pInstance->m_faceMeshes[i].reset();
SkullbonezSource/World/SkyBox.cpp,153,pInstance,render pass,SkyBox::pInstance->m_shader.reset();
SkullbonezSource/World/SkyBox.cpp,154,pInstance,render pass,SkyBox::pInstance = nullptr;
SkullbonezSource/World/SkyBox.h,52,pInstance,render pass,inline static SkyBox* pInstance = nullptr;
SkullbonezSource/World/Terrain.cpp,133,CreateShaderFromActiveAssets(),render pass,"m_terrainShader = SkullbonezCore::Assets::CreateShaderFromActiveAssets( ""shader.lit_textured"" );"
SkullbonezSource/World/Terrain.cpp,135,Cfg(),render pass,const auto& ordinary = Cfg().ordinaryRender;
SkullbonezSource/World/Terrain.cpp,183,Cfg(),render pass,int requestedStep = Cfg().terrainRenderStepSize;
SkullbonezSource/World/Terrain.cpp,309,Cfg(),render pass,float scaledStepSize = m_stepSize * Cfg().terrainScale;
SkullbonezSource/World/Terrain.cpp,419,Cfg(),render pass,return ( h0 + ( h1 - h0 ) * tz ) * Cfg().terrainHeightScale * Cfg().terrainScale;
SkullbonezSource/World/Terrain.cpp,419,Cfg(),render pass,return ( h0 + ( h1 - h0 ) * tz ) * Cfg().terrainHeightScale * Cfg().terrainScale;
SkullbonezSource/World/Terrain.cpp,432,Cfg(),render pass,const float terrainScale = Cfg().terrainScale;
SkullbonezSource/World/Terrain.cpp,459,Cfg(),render pass,"post.vPosition.SetAll( rawX * Cfg().terrainScale, SampleRenderHeightRaw( rawX, rawZ ), rawZ * Cfg().terrainScale );"
SkullbonezSource/World/Terrain.cpp,459,Cfg(),render pass,"post.vPosition.SetAll( rawX * Cfg().terrainScale, SampleRenderHeightRaw( rawX, rawZ ), rawZ * Cfg().terrainScale );"
SkullbonezSource/World/Terrain.cpp,561,Cfg(),render pass,const auto& ordinary = Cfg().ordinaryRender;
SkullbonezSource/World/Terrain.cpp,604,CreateShaderFromActiveAssets(),render pass,"m_shadowDepthShader = SkullbonezCore::Assets::CreateShaderFromActiveAssets( ""shader.shadow_depth"" );"
SkullbonezSource/World/Terrain.cpp,656,Cfg(),render pass,return ( terrainHeight < Cfg().fluidHeight ) ? Cfg().fluidHeight : terrainHeight;
SkullbonezSource/World/Terrain.cpp,656,Cfg(),render pass,return ( terrainHeight < Cfg().fluidHeight ) ? Cfg().fluidHeight : terrainHeight;
SkullbonezSource/World/Terrain.cpp,714,Cfg(),render pass,( xPosition < m_terrainSizeWorldCoords * Cfg().terrainScale ) &&
SkullbonezSource/World/Terrain.cpp,715,Cfg(),render pass,( zPosition < m_terrainSizeWorldCoords * Cfg().terrainScale ) );
SkullbonezSource/World/Terrain.cpp,734,Cfg(),render pass,bounds.m_xMax = m_terrainSizeWorldCoords * Cfg().terrainScale;
SkullbonezSource/World/Terrain.cpp,735,Cfg(),render pass,bounds.m_zMax = m_terrainSizeWorldCoords * Cfg().terrainScale;
SkullbonezSource/World/Terrain.cpp,767,Cfg(),render pass,int xPosting = static_cast<int>( floorf( zPosition / ( m_stepSize * Cfg().terrainScale ) ) );
SkullbonezSource/World/Terrain.cpp,768,Cfg(),render pass,int zPosting = static_cast<int>( floorf( xPosition / ( m_stepSize * Cfg().terrainScale ) ) );
SkullbonezSource/World/Terrain.cpp,774,Cfg(),render pass,float scaledStepSize = m_stepSize * Cfg().terrainScale;
SkullbonezSource/World/Terrain.cpp,842,Cfg(),render pass,"static_cast<float>( X ) * Cfg().terrainScale,"
SkullbonezSource/World/Terrain.cpp,843,Cfg(),render pass,"static_cast<float>( GetPixelHeightAt( X, Z ) ) * Cfg().terrainHeightScale * Cfg().terrainScale,"
SkullbonezSource/World/Terrain.cpp,843,Cfg(),render pass,"static_cast<float>( GetPixelHeightAt( X, Z ) ) * Cfg().terrainHeightScale * Cfg().terrainScale,"
SkullbonezSource/World/Terrain.cpp,844,Cfg(),render pass,static_cast<float>( Z ) * Cfg().terrainScale );
SkullbonezSource/World/Terrain.cpp,1217,Gfx(),render pass,"m_terrainMesh = Gfx().CreateMesh( vertexData.data(),"
SkullbonezSource/World/Terrain.cpp,1279,Gfx(),render pass,"m_terrainMesh = Gfx().CreateMesh( vertexData.data(), totalVerts, true, true );"
SkullbonezSource/World/WorldEnvironment.cpp,126,Cfg(),normal runtime path,style.waveHeight = Cfg().oceanWaveHeight;
SkullbonezSource/World/WorldEnvironment.cpp,127,Cfg(),normal runtime path,style.perturbStrength = Cfg().oceanPerturbStrength;
SkullbonezSource/World/WorldEnvironment.cpp,145,Cfg(),normal runtime path,const SkullbonezCore::Basics::OrdinaryRenderConfig& ordinary = Cfg().ordinaryRender;
SkullbonezSource/World/WorldEnvironment.cpp,171,Cfg(),normal runtime path,style.waveHeight = Cfg().oceanWaveHeight;
SkullbonezSource/World/WorldEnvironment.cpp,172,Cfg(),normal runtime path,style.perturbStrength = Cfg().oceanPerturbStrength;
SkullbonezSource/World/WorldEnvironment.cpp,185,Cfg(),normal runtime path,const SkullbonezCore::Basics::OrdinaryRenderConfig& ordinary = Cfg().ordinaryRender;
SkullbonezSource/World/WorldEnvironment.cpp,253,Cfg(),normal runtime path,cinematicConfig ? *cinematicConfig : Cfg().cinematicRender;
SkullbonezSource/World/WorldEnvironment.cpp,260,Gfx(),normal runtime path,"Gfx().BindTexture( reflection.textureHandle, 1 );"
SkullbonezSource/World/WorldEnvironment.cpp,293,Cfg(),normal runtime path,float f = Cfg().frustumFar;
SkullbonezSource/World/WorldEnvironment.cpp,389,Gfx(),normal runtime path,"m_calmMesh = Gfx().CreateMesh( calmVerts.data(), calmCount, false, false );"
SkullbonezSource/World/WorldEnvironment.cpp,390,Gfx(),normal runtime path,"m_oceanMesh = Gfx().CreateMesh( oceanVerts.data(), oceanCount, false, false );"
SkullbonezSource/World/WorldEnvironment.cpp,392,CreateShaderFromActiveAssets(),normal runtime path,"m_calmShader = SkullbonezCore::Assets::CreateShaderFromActiveAssets( ""shader.water_calm"" );"
SkullbonezSource/World/WorldEnvironment.cpp,397,Cfg(),normal runtime path,"m_calmShader->SetFloat( ""uWaterFresnelF0"", Cfg().ordinaryRender.waterFresnelF0 );"
SkullbonezSource/World/WorldEnvironment.cpp,403,Cfg(),normal runtime path,"Cfg().cinematicRender.sunColorR,"
SkullbonezSource/World/WorldEnvironment.cpp,404,Cfg(),normal runtime path,"Cfg().cinematicRender.sunColorG,"
SkullbonezSource/World/WorldEnvironment.cpp,405,Cfg(),normal runtime path,Cfg().cinematicRender.sunColorB );
SkullbonezSource/World/WorldEnvironment.cpp,410,CreateShaderFromActiveAssets(),normal runtime path,"m_oceanShader = SkullbonezCore::Assets::CreateShaderFromActiveAssets( ""shader.water_ocean"" );"
SkullbonezSource/World/WorldEnvironment.cpp,414,Cfg(),normal runtime path,"m_oceanShader->SetFloat( ""uWaveHeight"", Cfg().oceanWaveHeight );"
SkullbonezSource/World/WorldEnvironment.cpp,415,Cfg(),normal runtime path,"m_oceanShader->SetFloat( ""uPerturbStrength"", Cfg().oceanPerturbStrength );"
SkullbonezSource/World/WorldEnvironment.cpp,417,Cfg(),normal runtime path,"m_oceanShader->SetFloat( ""uWaterFresnelF0"", Cfg().ordinaryRender.waterFresnelF0 );"
SkullbonezSource/World/WorldEnvironment.cpp,422,Cfg(),normal runtime path,"Cfg().cinematicRender.sunColorR,"
SkullbonezSource/World/WorldEnvironment.cpp,423,Cfg(),normal runtime path,"Cfg().cinematicRender.sunColorG,"
SkullbonezSource/World/WorldEnvironment.cpp,424,Cfg(),normal runtime path,Cfg().cinematicRender.sunColorB );
SkullbonezSource/World/WorldEnvironment.cpp,570,Cfg(),normal runtime path,const float sphereSpinDampingRate = waterCoupling * Cfg().fluidAngularDragMultiplier * 0.35f;
SkullbonezSource/World/WorldEnvironment.cpp,607,Cfg(),normal runtime path,( m_fluidDensity * submergedVolumePercent * Cfg().fluidAngularDragMultiplier );
