id,priority,status,file,line,symbol,current_problem,target_owner,action,validation,overnight
PHYS-001,high,open,SkullbonezSource/GameObjects/GameModelCollection.h,167,m_gameModels,"Scene model vector remains the stable scene-order owner.",Scene/entity store,"Demote to compatibility presentation storage; introduce explicit scene/entity identity owner before deleting.",validate_full,defer
PHYS-002,high,open,SkullbonezSource/GameObjects/GameModelCollection.h,171,m_sceneObjectGroups,"Cold scene grouping is a model-slot sidecar.",Scene entity metadata,"Move group metadata to scene/entity identity store and expose query snapshots.",validate_full,safe
PHYS-003,high,open,SkullbonezSource/GameObjects/GameModelCollection.h,174,m_authoredBodyDescs,"Body authoring descriptors are collection sidecars.",PhysicsScene authoring edge,"Move descriptor ownership to scene/physics creation edge with explicit refresh API.",validate_physics,safe
PHYS-004,high,open,SkullbonezSource/GameObjects/GameModelCollection.h,175,m_physicsEngine,"Collection owns physics engine and forwards broad runtime authority.",PhysicsScene/RuntimeWorld,"Move physics engine ownership out of collection or hide it behind narrow commands.",validate_physics,defer
PHYS-005,high,open,SkullbonezSource/GameObjects/GameModelCollection.h,184,m_renderPresentationRecords,"Render presentation is keyed by model slot.",RenderInstance presentation store,"Split cold display/material facts from physics body order and feed render store directly.",validate_dx12_renderer,safe
PHYS-006,high,open,SkullbonezSource/GameObjects/GameModelCollection.h,192,BuildReplayBodyIdsForReload,"Replay id reload remains collection-local scratch.",PhysicsBodyStore/SceneRuntime,"Move missing-row id recovery to scene/body-store repair owner.",validate_physics,defer
PHYS-007,high,open,SkullbonezSource/GameObjects/GameModelCollection.h,199,RefreshRenderInstances,"Collection owns render projection refresh.",RenderProjectionOwner,"Move projection to renderer/physics snapshot builder with narrow presentation input.",validate_dx12_renderer,safe
PHYS-008,high,open,SkullbonezSource/GameObjects/GameModelCollection.h,266,GetModelCount,"Model count is a global compatibility query.",Scene/entity registry,"Replace call sites with store/snapshot counts from their owner.",validate_full,safe
PHYS-009,high,open,SkullbonezSource/GameObjects/GameModelCollection.h,321,GetPhysicsEngine,"Broad engine accessor lets runtime bypass narrow physics commands.",Physics command API,"Delete broad accessor after callers use store/handle commands.",validate_physics,defer
PHYS-010,high,open,SkullbonezSource/GameObjects/GameModelCollection.h,323,GetPhysicsBodyStore/GetColliderStore,"Runtime features borrow physics stores through collection.",PhysicsScene snapshot API,"Route store snapshots through physics/scene owner, not model collection.",validate_physics,safe
PHYS-011,high,open,SkullbonezSource/GameObjects/GameModelCollection.h,328,RepairPhysicsBodyTopology,"Topology repair is public collection authority.",PhysicsScene topology owner,"Make repair a cold scene/physics creation command; reject runtime casual calls.",validate_physics,safe
PHYS-012,high,open,SkullbonezSource/GameObjects/GameModelCollection.cpp,154,ReserveForActiveGameModelCapacity,"Collection capacity drives runtime model-order allocation.",Scene/entity capacity policy,"Move capacity policy to scene/world storage setup and keep collection as view.",validate_perf,defer
PHYS-013,high,open,SkullbonezSource/GameObjects/GameModelCollection.cpp,226,BuildReplayBodyIdsForReload,"Cold topology repair scans body store then assigns ids locally.",PhysicsBodyStore repair,"Move id recovery into body-store repair with explicit cap and diagnostics.",validate_physics,defer
PHYS-014,high,open,SkullbonezSource/GameObjects/GameModelCollection.cpp,268,BuildBodyCreateDescsForReload,"Collection rebuilds physics descriptors from sidecars.",PhysicsScene descriptor store,"Move descriptor rebuild to scene/physics authoring owner.",validate_physics,safe
PHYS-015,high,open,SkullbonezSource/GameObjects/GameModelCollection.cpp,307,ApplyRuntimeConfig,"Collection applies physics material/contact policy and repairs topology.",PhysicsScene config policy,"Apply physics config inside PhysicsScene; collection only updates presentation toggles.",validate_physics,safe
PHYS-016,high,open,SkullbonezSource/GameObjects/GameModelCollection.cpp,368,AppendGameModelAndPhysicsRows,"Append mutates GameModel storage and physics rows together.",Scene/entity creation pipeline,"Split creation into scene entity, physics body/collider, and presentation registration steps.",validate_full,defer
PHYS-017,high,open,SkullbonezSource/GameObjects/GameModelCollection.cpp,403,m_gameModels.push_back,"Model append remains the root creation side effect.",Scene/entity creation pipeline,"Create entity first, then register model presentation as one component/view.",validate_full,defer
PHYS-018,medium,open,SkullbonezSource/GameObjects/GameModelCollection.cpp,432,Clear,"Collection clears model, descriptor, presentation, and physics state together.",World/scene reset owner,"Split clear/reset by subsystem owner behind scene lifecycle.",validate_full,defer
PHYS-019,high,open,SkullbonezSource/GameObjects/GameModelCollection.cpp,1223,RefreshRenderInstances,"Render store refresh reads GameModel material names and highlights.",RenderProjectionOwner,"Feed render instance refresh from presentation records owned outside GameModel.",validate_dx12_renderer,safe
PHYS-020,high,open,SkullbonezSource/Physics/PhysicsScene.h,193,m_world/m_bodyStore/m_colliderStore/m_renderInstanceStore,"These stores are the target authority but remain behind collection ownership.",PhysicsScene,"Promote PhysicsScene/PhysicsEngine ownership to world/runtime owner.",validate_physics,defer
PHYS-021,medium,open,SkullbonezSource/Physics/PhysicsWorld.h,98,m_spatialGrid/m_candidatePairs/m_timeRemaining,"Hot physics working state remains monolithic and model-indexed.",PhysicsWorld data slices,"Split broadphase/sleep/contact/narrowphase scratch only after authority migration.",validate_physics+validate_perf,defer
PHYS-022,medium,open,SkullbonezSource/Physics/PhysicsWorld.h,260,m_persistentContacts and scratch arrays,"Persistent contacts and diagnostics share one very wide owner.",Contact solver/diagnostics stores,"Extract only after deterministic store authority is stable.",validate_physics,defer
PHYS-023,high,open,SkullbonezSource/Physics/ColliderStore.cpp,70,ResolveHandleForModelIndex,"Collider handles still resolve through model index compatibility.",Collider handle allocator,"Move callers to handle/scene-object id lookup; keep model index only as UI hint.",validate_physics,safe
PHYS-024,high,open,SkullbonezSource/Physics/ColliderStore.cpp,389,HandleForModelIndex,"Public model-index handle lookup keeps model order authoritative.",Collider query API,"Replace with scene-object/body handle lookup for non-UI paths.",validate_physics,safe
PHYS-025,high,open,SkullbonezSource/Runtime/Scene/SceneAuthoredSetup.h,93,SceneAuthoredSetupContext.models,"Scene setup depends on GameModelCollection plus PhysicsEngine.",Scene creation pipeline,"Create scene entities and physics rows through owner-specific builders.",validate_full,defer
PHYS-026,high,open,SkullbonezSource/Runtime/Scene/RunScene.cpp,634,m_cGameModelCollection.Clear,"Scene load resets collection directly.",SceneRuntimeLoader,"Scene loader coordinates owner resets without direct collection authority.",validate_full,defer
PHYS-027,high,open,SkullbonezSource/Runtime/Scene/RunScene.cpp,740,SetupAuthoredScene models/physics,"Scene load passes collection and physics engine together.",Scene creation pipeline,"Replace with entity/physics/render setup contexts.",validate_full,defer
PHYS-028,high,open,SkullbonezSource/Runtime/Tools/RuntimeTools.h,359,FireLauncherRay(GameModelCollection&),"Runtime tools take collection authority.",Runtime tool physics commands,"Change tools to consume pick result plus PhysicsEngine command API.",validate_physics,safe
PHYS-029,high,open,SkullbonezSource/Runtime/Tools/RuntimeTools.cpp,76,RepairLauncherPhysicsStores,"Launcher tool repairs collection topology before commands.",Physics command API,"Require current body/collider stores at owner boundary; no tool-side repair.",validate_physics,safe
PHYS-030,medium,open,SkullbonezSource/Runtime/Replay/RunReplayTools.cpp,274,modelCollection.ModelCount,"Replay prediction still uses collection count.",Replay/Physics snapshot,"Use body-store snapshot count and scene identity mapping.",validate_physics,safe
PHYS-031,medium,open,SkullbonezSource/Runtime/Replay/RunReplayTools.cpp,281,modelCollection.GetPhysicsEngine,"Replay prediction enters physics through collection.",Replay/Physics prediction service,"Inject PhysicsEngine/scene snapshot directly into prediction service.",validate_physics,safe
PHYS-032,medium,open,SkullbonezSource/Runtime/Replay/RunReplayVelocityEdit.inl,45,TryResolveReplayVelocityBodyView(GameModelCollection&),"Replay velocity editing borrows collection for body lookup.",Replay target resolver,"Resolve replay target to body/collider handles before edit path.",validate_physics,safe
PHYS-033,medium,open,SkullbonezSource/Runtime/RuntimeViewModel.cpp,62,bindings.models->GetModelCount,"UI view model reads model count through collection.",Runtime snapshot,"Publish model/body counts from scene/physics snapshots.",validate_fast,safe
PHYS-034,medium,open,tools/check_runtime_boundaries.py,0,physics authority guardrail,"Existing guardrails need to become the workqueue ratchet.",Boundary checker,"Add failing rules for new GameModelCollection authority and deleted accessors before source migration.",validate_fast,safe
PHYS-035,high,open,SkullbonezSource/Runtime/Replay/RunReplayPredictionVisualizer.inl,186,StepReplayPredictionJob mutation window,"Replay prediction steps the LIVE physics stores and restores snapshots every slice; one missed restore silently corrupts the live sim and breaks determinism.",Replay prediction service with prediction-owned PhysicsWorldStores bundle,"Once the step path takes explicit store bundles (PHYS-004/PHYS-020), give prediction its own copied bundle and delete liveRestore state, the mutation reserve, and diagnostics suppression. See fable_plans/03-prediction-isolated-world-plan.md.",validate_physics+validate_full,defer
